1,48051,636856,,,1,"417066,990196078"
1,78406,258271,,,2,"781477,735294118"
1,108176,297286,,,3,"1075844,1372549"
1,135564,558992,,,4,"1299779,53921569"
1,166350,175071,,,5,"1553808,82352941"
1,195053,405383,,,6,"1764935,30392157"
1,222474,533656,,,7,"1910241,06862745"
1,250050,526655,,,8,"2119387,2254902"
1,277561,516922,,,9,"2209545,01960784"
1,305061,520369,,,10,"2350902,30392157"
1,333015,482653,,,11,"2391049,58823529"
1,360395,548958,,,12,"2566440,89215686"
1,388504,465869,,,13,"2301508,8627451"
1,416852,445446,,,14,"2584604,35294118"
1,445084,458031,,,15,"2768182,29411765"
1,473120,473884,,,16,"2978764,43137255"
1,501021,485635,,,17,"2977168,03921569"
1,528890,484832,,,18,"3017132,92156863"
1,556903,470499,,,19,"3157510,23529412"
1,584508,516224,,,20,"3255605,39215686"
1,612279,494091,,,21,"3306289,73529412"
1,640047,500192,,,22,"3376128,04901961"
1,668033,485980,,,23,"3459658,16666667"
1,696152,475763,,,24,"3398022,05882353"
1,723633,530977,,,25,"3516636,67647059"
1,751797,464390,,,26,"3458766,91176471"
1,779671,482496,,,27,"3586849,21568627"
1,808077,436189,,,28,"3668797,73529412"
1,836306,442569,,,29,"3715484,01960784"
1,864170,497795,,,30,"3729426,73529412"
1,892973,390234,,,31,"3705881,66666667"
1,921117,462832,,,32,"3898122,17647059"
1,949300,470266,,,,
1,964823,244605,,,,
1,964801,2198,,,,
1,1041298,312622,,,,
1,1046011,31196,,,,
1,1105400,419346,,,,
1,1133352,482763,,,,
1,1161454,475857,,,,
1,1189914,434053,,,,
1,1193665,79886,,,,
1,1252353,348075,,,,
1,1280247,504578,,,,
1,1311136,188095,,,,
1,1339044,494547,,,,
1,1370183,162878,,,,
1,1398134,483383,,,,
1,1426209,482551,,,,
1,1454969,404646,,,,
1,1482841,479769,,,,
1,1507823,467324,,,,
1,1508487,2399,,,,
1,1572835,461353,,,,
1,1601285,434287,,,,
1,1629598,438854,,,,
1,1657025,523959,,,,
1,1682996,421929,,,,
1,1719136,280962,,,,
1,1746560,528719,,,,
1,1774831,429979,,,,
1,1802310,522668,,,,
1,1830600,439631,,,,
1,1848490,178984,,,,
1,1889028,506170,,,,
1,1902581,265930,,,,
1,1902559,2198,,,,
1,1982965,396194,,,,
1,2010809,482294,,,,
1,2038202,520183,,,,
1,2065622,521972,,,,
1,2092691,557797,,,,
1,2120922,459366,,,,
1,2151329,242691,,,,
1,2178875,503575,,,,
1,2205020,511045,,,,
1,2235087,541975,,,,
1,2265330,142822,,,,
1,2294866,512874,,,,
1,2321567,510365,,,,
1,2346660,467266,,,,
1,2381627,297441,,,,
1,2405233,470101,,,,
1,2405209,2398,,,,
1,2476744,222900,,,,
1,2504561,430965,,,,
1,2534206,485887,,,,
1,2561705,517746,,,,
1,2588369,557339,,,,
1,2616175,519112,,,,
1,2645501,531487,,,,
1,2673065,505193,,,,
1,2686829,266617,,,,
1,2734682,162775,,,,
1,2760440,499988,,,,
1,2789669,556776,,,,
1,2820466,204270,,,,
1,2846902,545089,,,,
1,2875910,559955,,,,
1,2903565,516353,,,,
1,2931336,485686,,,,
1,2959000,500676,,,,
2,2980240,856365,,,,
2,3006435,961766,,,,
2,3026414,684213,,,,
2,3059029,27499,,,,
2,3088379,955978,,,,
2,3097819,347891,,,,
2,3146923,414273,,,,
2,3169356,1021865,,,,
2,3192317,961504,,,,
2,3214339,1061662,,,,
2,3227392,518527,,,,
2,3273345,215130,,,,
2,3298042,950496,,,,
2,3321395,930144,,,,
2,3343391,1074070,,,,
2,3366439,955892,,,,
2,3395871,333578,,,,
2,3418508,1001806,,,,
2,3441797,933210,,,,
2,3451984,421453,,,,
2,3494897,882166,,,,
2,3517750,984268,,,,
2,3540971,951543,,,,
2,3540925,4496,,,,
2,3602427,823884,,,,
2,3624284,998052,,,,
2,3649075,949994,,,,
2,3672026,984192,,,,
2,3694638,1028185,,,,
2,3708165,552275,,,,
2,3752548,214978,,,,
2,3774849,1044337,,,,
2,3797542,1006609,,,,
2,3819797,1052847,,,,
2,3824252,179455,,,,
2,3877016,743398,,,,
2,3900289,932649,,,,
2,3923129,981553,,,,
2,3947597,824389,,,,
2,3970841,959238,,,,
2,3993690,984471,,,,
2,4016605,983191,,,,
2,4039799,936218,,,,
2,4046462,285612,,,,
2,4097812,498746,,,,
2,4120472,992791,,,,
2,4143131,1000749,,,,
2,4154831,390082,,,,
2,4201330,366835,,,,
2,4223829,1033341,,,,
2,4247565,886998,,,,
2,4269935,844973,,,,
2,4295317,927579,,,,
2,4317674,980128,,,,
2,4342172,1031275,,,,
2,4364726,1011085,,,,
2,4381133,475228,,,,
2,4419400,800119,,,,
2,4435920,662247,,,,
2,4470472,714976,,,,
2,4477025,256170,,,,
2,4530197,600728,,,,
2,4552798,1012690,,,,
2,4575563,993856,,,,
2,4598014,1033339,,,,
2,4616762,815424,,,,
2,4656176,32296,,,,
2,4678798,1008344,,,,
2,4701525,988516,,,,
2,4724205,1017871,,,,
2,4747223,973577,,,,
2,4769044,1010150,,,,
2,4792713,1077166,,,,
2,4801372,425985,,,,
2,4801324,4796,,,,
2,4880810,907705,,,,
2,4903783,979012,,,,
2,4926884,965482,,,,
2,4950338,937684,,,,
2,4973125,998595,,,,
2,4995986,988466,,,,
2,5008543,502639,,,,
2,5054522,369999,,,,
2,5076173,969349,,,,
2,5100579,979167,,,,
2,5123154,1016617,,,,
2,5146807,905016,,,,
2,5169225,1033672,,,,
2,5183240,592820,,,,
2,5221312,816730,,,,
2,5250318,361253,,,,
2,5269529,756350,,,,
2,5308113,56278,,,,
2,5331471,943379,,,,
2,5354786,934386,,,,
2,5376767,958762,,,,
2,5400900,1020967,,,,
2,5423515,1016982,,,,
2,5446136,1024552,,,,
2,5467840,958740,,,,
2,5472908,8399,,,,
2,5527998,924346,,,,
3,5546773,1414796,,,,
3,5565819,1381955,,,,
3,5576188,705602,,,,
3,5619261,571892,,,,
3,5638319,1282329,,,,
3,5659981,1252937,,,,
3,5678728,1388951,,,,
3,5697245,1423818,,,,
3,5716701,1346796,,,,
3,5737086,1154096,,,,
3,5758663,1331430,,,,
3,5759481,78314,,,,
3,5812334,1152323,,,,
3,5825201,876581,,,,
3,5868035,262382,,,,
3,5886153,1362577,,,,
3,5905964,1401901,,,,
3,5925879,1284905,,,,
3,5945397,1335157,,,,
3,5961889,1001992,,,,
3,6001116,169800,,,,
3,6020366,1355266,,,,
3,6040627,1242489,,,,
3,6059259,1409695,,,,
3,6077395,1456587,,,,
3,6097262,1293691,,,,
3,6116520,1354663,,,,
3,6122993,574332,,,,
3,6170375,751463,,,,
3,6190788,1396134,,,,
3,6210078,1351158,,,,
3,6228622,1413869,,,,
3,6236778,497631,,,,
3,6284553,606688,,,,
3,6303529,1366176,,,,
3,6324339,1297936,,,,
3,6344854,1226195,,,,
3,6364541,1302721,,,,
3,6365158,78500,,,,
3,6421928,839098,,,,
3,6442476,1233267,,,,
3,6462231,1300263,,,,
3,6481799,1321613,,,,
3,6500855,1367251,,,,
3,6520598,1308044,,,,
3,6541259,1204941,,,,
3,6555965,1156108,,,,
3,6555899,6292,,,,
3,6622436,695135,,,,
3,6641653,1253254,,,,
3,6661807,1380388,,,,
3,6680981,1353031,,,,
3,6700036,1358896,,,,
3,6719532,1328268,,,,
3,6739387,1294407,,,,
3,6758087,1407751,,,,
3,6777458,1264376,,,,
3,6799710,1256744,,,,
3,6799644,6494,,,,
3,6854600,1400939,,,,
3,6873182,1403424,,,,
3,6873116,6793,,,,
3,6926732,1312470,,,,
3,6946590,1277055,,,,
3,6966209,1311944,,,,
3,6984547,1435997,,,,
3,6995938,714891,,,,
3,7038785,437862,,,,
3,7060274,1112537,,,,
3,7082126,1087670,,,,
3,7101474,1339792,,,,
3,7120828,1333876,,,,
3,7140121,1342303,,,,
3,7161426,1142949,,,,
3,7190568,357015,,,,
3,7205996,793042,,,,
3,7220836,18997,,,,
3,7267932,1340293,,,,
3,7288084,1247698,,,,
3,7308683,1198495,,,,
3,7328655,1263049,,,,
3,7347249,1380220,,,,
3,7369247,1292958,,,,
3,7387538,1156432,,,,
3,7417829,727830,,,,
3,7437991,1262473,,,,
3,7456963,1375663,,,,
3,7463929,613151,,,,
3,7511570,478472,,,,
3,7533025,1317971,,,,
3,7544079,700328,,,,
3,7580921,1227599,,,,
3,7591556,763703,,,,
3,7628810,1237224,,,,
3,7649390,1217539,,,,
3,7668906,1242645,,,,
3,7668846,6193,,,,
3,7727987,1184648,,,,
3,7746435,1415986,,,,
3,7766060,1283379,,,,
3,7788650,1155969,,,,
3,7807574,1325279,,,,
4,7826428,1585444,,,,
4,7842986,1606280,,,,
4,7843325,67881,,,,
4,7896126,1171960,,,,
4,7912512,1634444,,,,
4,7930872,1430471,,,,
4,7945398,1208928,,,,
4,7945310,8695,,,,
4,8009720,973483,,,,
4,8025318,1715547,,,,
4,8041902,1607325,,,,
4,8058296,1639282,,,,
4,8074524,1655999,,,,
4,8092562,1480760,,,,
4,8108013,1667997,,,,
4,8125068,1723060,,,,
4,8154593,329888,,,,
4,8170595,1669100,,,,
4,8185604,1734815,,,,
4,8211859,933494,,,,
4,8219321,672832,,,,
4,8254422,1710741,,,,
4,8271222,1563493,,,,
4,8286028,1599526,,,,
4,8294916,963026,,,,
4,8338251,636134,,,,
4,8354631,1626757,,,,
4,8373422,1384192,,,,
4,8390556,1547469,,,,
4,8406748,1608018,,,,
4,8423388,1768991,,,,
4,8439040,1706339,,,,
4,8447838,1135182,,,,
4,8478833,1111040,,,,
4,8500252,1576657,,,,
4,8503241,287008,,,,
4,8552486,1044924,,,,
4,8578233,838828,,,,
4,8594501,1677787,,,,
4,8611947,1535553,,,,
4,8630256,1449470,,,,
4,8643150,1424723,,,,
4,8678241,79368,,,,
4,8697399,1666627,,,,
4,8719053,1118129,,,,
4,8734857,1498247,,,,
4,8749817,1565373,,,,
4,8760828,26092,,,,
4,8803518,1603654,,,,
4,8821287,1501549,,,,
4,8838369,1566932,,,,
4,8852836,1484579,,,,
4,8875554,1466364,,,,
4,8892873,1544553,,,,
4,8909946,1571047,,,,
4,8925848,1678355,,,,
4,8925751,9987,,,,
4,8978312,1360391,,,,
4,8994253,1665170,,,,
4,9009042,1788332,,,,
4,9019303,983686,,,,
4,9051281,1339851,,,,
4,9076943,711811,,,,
4,9094164,1548284,,,,
4,9109639,1715106,,,,
4,9126616,1733599,,,,
4,9137904,1034060,,,,
4,9169546,1370984,,,,
4,9184278,1797397,,,,
4,9199068,1784571,,,,
4,9209822,1050412,,,,
4,9243147,1144449,,,,
4,9261437,1438934,,,,
4,9286698,743537,,,,
4,9302764,1646463,,,,
4,9315556,1390585,,,,
4,9315464,9192,,,,
4,9372523,1504560,,,,
4,9387867,1734681,,,,
4,9406355,1416130,,,,
4,9413933,907608,,,,
4,9447886,1545996,,,,
4,9465782,1469169,,,,
4,9475065,972156,,,,
4,9516848,463200,,,,
4,9534487,1417046,,,,
4,9550736,1788776,,,,
4,9567767,1551513,,,,
4,9582870,1731820,,,,
4,9600852,1634768,,,,
4,9602180,246782,,,,
4,9651825,1188739,,,,
4,9666887,1880072,,,,
4,9683842,1577326,,,,
4,9700913,1559709,,,,
4,9716063,1313411,,,,
4,9744760,1051074,,,,
4,9760520,1661152,,,,
4,9779957,1536761,,,,
4,9784203,540698,,,,
4,9831312,900619,,,,
4,9847667,1632534,,,,
5,9861434,1904375,,,,
5,9875427,1437315,,,,
5,9901077,47461,,,,
5,9928613,1963587,,,,
5,9943556,1769212,,,,
5,9958789,1749536,,,,
5,9970471,2093812,,,,
5,9985854,1724800,,,,
5,9998213,1954736,,,,
5,10011589,2068706,,,,
5,10023962,1799748,,,,
5,10023867,9490,,,,
5,10077467,1561402,,,,
5,10092133,1752148,,,,
5,10106578,1986984,,,,
5,10121700,1907949,,,,
5,10136347,1800413,,,,
5,10144415,1151697,,,,
5,10186250,436166,,,,
5,10199800,1917168,,,,
5,10210550,1354912,,,,
5,10237775,1465817,,,,
5,10252602,1780783,,,,
5,10267654,1761513,,,,
5,10279685,1623736,,,,
5,10316349,100288,,,,
5,10328005,2104551,,,,
5,10342524,1818189,,,,
5,10355944,1872882,,,,
5,10370271,2053055,,,,
5,10381956,2089314,,,,
5,10387160,820161,,,,
5,10431155,1035913,,,,
5,10443149,2061023,,,,
5,10460000,1733748,,,,
5,10473077,1966496,,,,
5,10485428,2031025,,,,
5,10498782,1940712,,,,
5,10504949,966051,,,,
5,10547730,715078,,,,
5,10560558,1993783,,,,
5,10568068,1232556,,,,
5,10609275,519385,,,,
5,10621384,2056985,,,,
5,10635682,1830815,,,,
5,10648385,1984786,,,,
5,10662046,1904492,,,,
5,10670247,1341164,,,,
5,10700863,1384851,,,,
5,10714973,1850650,,,,
5,10727272,1935341,,,,
5,10741306,1997222,,,,
5,10754905,1907057,,,,
5,10778918,866319,,,,
5,10792034,1828555,,,,
5,10807284,1852000,,,,
5,10812513,478920,,,,
5,10861033,1092999,,,,
5,10874464,1920181,,,,
5,10886962,1875310,,,,
5,10903538,1896176,,,,
5,10907120,500987,,,,
5,10953143,1090185,,,,
5,10968222,1876426,,,,
5,10979615,1789136,,,,
5,10979500,11384,,,,
5,11031194,1730265,,,,
5,11045750,1801782,,,,
5,11057602,2082755,,,,
5,11069008,1886443,,,,
5,11086813,1752384,,,,
5,11093141,1211841,,,,
5,11124386,1569142,,,,
5,11136461,2050689,,,,
5,11149612,1953779,,,,
5,11163101,1837609,,,,
5,11173556,1284597,,,,
5,11214204,266893,,,,
5,11231603,1616100,,,,
5,11246429,1910418,,,,
5,11260336,1888363,,,,
5,11272173,1746729,,,,
5,11300676,831167,,,,
5,11305411,1171657,,,,
5,11348350,618166,,,,
5,11359492,2142094,,,,
5,11373230,1891165,,,,
5,11380369,1239718,,,,
5,11413576,1425834,,,,
5,11428202,1809706,,,,
5,11441115,1987129,,,,
5,11454820,1903448,,,,
5,11468654,1903120,,,,
5,11485048,1625368,,,,
5,11493903,1524895,,,,
5,11523415,1242708,,,,
5,11536239,1604074,,,,
5,11566439,62592,,,,
5,11585608,1930342,,,,
5,11597482,2075846,,,,
5,11611754,1844591,,,,
5,11627239,1715474,,,,
6,11635013,2485830,,,,
6,11644947,2415024,,,,
6,11654130,1928543,,,,
6,11653998,13179,,,,
6,11715565,962087,,,,
6,11727134,2119703,,,,
6,11738188,2166078,,,,
6,11749888,2101212,,,,
6,11773385,918386,,,,
6,11783164,2292262,,,,
6,11795075,2076828,,,,
6,11805902,2060055,,,,
6,11820811,1918089,,,,
6,11831892,2170690,,,,
6,11842973,2178400,,,,
6,11843867,284612,,,,
6,11889554,1576825,,,,
6,11902388,2105878,,,,
6,11909294,1760672,,,,
6,11909144,14993,,,,
6,11970912,1349172,,,,
6,11981333,2215904,,,,
6,11992915,2104181,,,,
6,12005135,2046167,,,,
6,12016318,2154392,,,,
6,12025220,2270171,,,,
6,12035627,2341298,,,,
6,12046098,2218071,,,,
6,12057146,2163275,,,,
6,12060257,843357,,,,
6,12105628,1000697,,,,
6,12116341,2187101,,,,
6,12125710,2202692,,,,
6,12137603,2099442,,,,
6,12150583,2153117,,,,
6,12160140,2141256,,,,
6,12160014,12598,,,,
6,12209443,1899433,,,,
6,12219998,2200198,,,,
6,12233259,1939755,,,,
6,12245755,2014900,,,,
6,12246150,230812,,,,
6,12291382,1910326,,,,
6,12302474,2151424,,,,
6,12314924,2024278,,,,
6,12325987,2150857,,,,
6,12333046,1599207,,,,
6,12332896,14778,,,,
6,12396223,1383395,,,,
6,12409173,1977072,,,,
6,12419230,2140037,,,,
6,12431645,2145229,,,,
6,12442955,2146977,,,,
6,12452494,2291272,,,,
6,12461491,2263748,,,,
6,12476816,1913336,,,,
6,12489000,2038081,,,,
6,12498872,2207655,,,,
6,12512703,2140204,,,,
6,12516640,724607,,,,
6,12542068,68989,,,,
6,12581564,2170338,,,,
6,12592028,2222970,,,,
6,12601683,2226517,,,,
6,12613722,2187373,,,,
6,12625731,2064407,,,,
6,12632776,646918,,,,
6,12675955,899683,,,,
6,12684861,2185288,,,,
6,12696926,2265300,,,,
6,12710544,1911957,,,,
6,12721519,2163448,,,,
6,12727289,1245127,,,,
6,12766248,852075,,,,
6,12777105,2178655,,,,
6,12791095,1873779,,,,
6,12800622,2308294,,,,
6,12810169,2214969,,,,
6,12822427,2148475,,,,
6,12830189,1719481,,,,
6,12845199,36985,,,,
6,12883472,2022051,,,,
6,12893634,2236654,,,,
6,12903413,2280220,,,,
6,12917000,1913340,,,,
6,12928430,2124502,,,,
6,12933948,1155673,,,,
6,12976697,612299,,,,
6,12986475,2248960,,,,
6,12998398,2191395,,,,
6,13010715,2023313,,,,
6,13019026,1429745,,,,
6,13057990,434493,,,,
6,13069116,2152863,,,,
6,13078998,2226205,,,,
6,13087331,1848216,,,,
6,13123100,117254,,,,
6,13135587,2366085,,,,
6,13146742,2156000,,,,
6,13157244,2213978,,,,
6,13170232,1972252,,,,
6,13181556,2147057,,,,
7,13188453,2570601,,,,
7,13197269,1971872,,,,
7,13197133,13583,,,,
7,13246167,2109010,,,,
7,13256894,2194806,,,,
7,13265712,2394127,,,,
7,13272134,2620302,,,,
7,13272207,244475,,,,
7,13314298,2109210,,,,
7,13321906,2381007,,,,
7,13331473,2511764,,,,
7,13339256,2481892,,,,
7,13343875,1699862,,,,
7,13382849,538719,,,,
7,13391950,2357480,,,,
7,13401659,2285372,,,,
7,13408742,2570315,,,,
7,13421105,2017563,,,,
7,13428092,2559253,,,,
7,13430286,801050,,,,
7,13475821,1006967,,,,
7,13486273,2222230,,,,
7,13494887,2394115,,,,
7,13506709,1954863,,,,
7,13512890,1186446,,,,
7,13547971,1589865,,,,
7,13559029,2164108,,,,
7,13562669,1478812,,,,
7,13604167,582498,,,,
7,13613413,2342220,,,,
7,13622017,2415041,,,,
7,13631720,2295794,,,,
7,13640750,2358690,,,,
7,13662513,1026680,,,,
7,13670927,2487117,,,,
7,13679017,2448873,,,,
7,13687292,2437858,,,,
7,13689322,668288,,,,
7,13736560,1177461,,,,
7,13745856,2340430,,,,
7,13753921,2330039,,,,
7,13764149,2359502,,,,
7,13769894,2688177,,,,
7,13779948,2248730,,,,
7,13791992,2049932,,,,
7,13794951,1169882,,,,
7,13836327,999413,,,,
7,13845268,2342681,,,,
7,13856615,2282593,,,,
7,13861109,1096339,,,,
7,13903239,794854,,,,
7,13912550,2423702,,,,
7,13921400,2364628,,,,
7,13928699,2518799,,,,
7,13940000,2112397,,,,
7,13947918,2465305,,,,
7,13953019,1588986,,,,
7,13980602,1709492,,,,
7,13992456,2087499,,,,
7,14000254,2475504,,,,
7,14002447,679944,,,,
7,14048106,1134046,,,,
7,14055937,2478695,,,,
7,14057534,1198250,,,,
7,14100723,918351,,,,
7,14108431,2491303,,,,
7,14116922,2408892,,,,
7,14126224,2333967,,,,
7,14137288,2052508,,,,
7,14147139,2376103,,,,
7,14147226,583516,,,,
7,14191727,1490243,,,,
7,14197625,2665047,,,,
7,14206216,2398645,,,,
7,14208961,844351,,,,
7,14250681,1477233,,,,
7,14260352,2291227,,,,
7,14267763,2523133,,,,
7,14274443,2583769,,,,
7,14283638,2335749,,,,
7,14293892,2236437,,,,
7,14302199,2192537,,,,
7,14327617,1113597,,,,
7,14333672,2416543,,,,
7,14344382,2419296,,,,
7,14354815,2221380,,,,
7,14354668,14594,,,,
7,14402056,2182346,,,,
7,14410073,2342881,,,,
7,14417303,1551738,,,,
7,14446220,1636653,,,,
7,14455104,2365951,,,,
7,14464403,2330135,,,,
7,14464747,550806,,,,
7,14510369,1595429,,,,
7,14519179,2492888,,,,
7,14526241,2371734,,,,
7,14536177,2463437,,,,
7,14545019,2380489,,,,
7,14556300,2148140,,,,
7,14565361,2360440,,,,
7,14587329,1073093,,,,
8,14598011,2213389,,,,
8,14605350,2420247,,,,
8,14630326,1032762,,,,
8,14634248,1295347,,,,
8,14676327,710494,,,,
8,14684311,2467046,,,,
8,14693520,2334405,,,,
8,14698537,2750936,,,,
8,14707254,2387256,,,,
8,14729533,944813,,,,
8,14736927,2727894,,,,
8,14743964,2565070,,,,
8,14750755,2418421,,,,
8,14760071,2555805,,,,
8,14765112,1938825,,,,
8,14793496,1453697,,,,
8,14799216,2679764,,,,
8,14820470,970960,,,,
8,14825893,2592011,,,,
8,14825709,18279,,,,
8,14871803,2457233,,,,
8,14878664,2575575,,,,
8,14882822,2841040,,,,
8,14890598,2588576,,,,
8,14899180,2353696,,,,
8,14904558,2861975,,,,
8,14904279,109948,,,,
8,14949436,2040151,,,,
8,14953711,2831096,,,,
8,14959219,2718085,,,,
8,14966533,2541351,,,,
8,14967246,484073,,,,
8,15009282,1836611,,,,
8,15015511,2636780,,,,
8,15021785,2647198,,,,
8,15029617,2482043,,,,
8,15034004,2715550,,,,
8,15040259,2688478,,,,
8,15047169,2715539,,,,
8,15053888,2605941,,,,
8,15055653,801066,,,,
8,15099823,1323771,,,,
8,15107178,2529826,,,,
8,15115460,2426246,,,,
8,15120847,2723915,,,,
8,15128426,2502047,,,,
8,15135352,2405294,,,,
8,15161756,918893,,,,
8,15166816,2755158,,,,
8,15171678,2520647,,,,
8,15174451,352225,,,,
8,15221073,1670993,,,,
8,15228263,2315074,,,,
8,15250552,1179633,,,,
8,15257284,2750830,,,,
8,15265980,2398556,,,,
8,15272032,2660657,,,,
8,15278662,2607097,,,,
8,15284708,2019749,,,,
8,15319322,141263,,,,
8,15329767,2616297,,,,
8,15333064,2926199,,,,
8,15337396,2674703,,,,
8,15361020,1206263,,,,
8,15369845,2195853,,,,
8,15369653,19074,,,,
8,15413601,2638999,,,,
8,15421451,2481439,,,,
8,15427806,2637959,,,,
8,15433897,2656299,,,,
8,15441282,2539007,,,,
8,15442376,276245,,,,
8,15482875,2139467,,,,
8,15491470,2412198,,,,
8,15498995,2510955,,,,
8,15508416,2227697,,,,
8,15517162,2498565,,,,
8,15522091,2755650,,,,
8,15524290,676195,,,,
8,15567754,1465786,,,,
8,15572628,2786764,,,,
8,15579828,2544954,,,,
8,15587169,2462492,,,,
8,15595543,2543813,,,,
8,15615190,1274131,,,,
8,15621067,2815442,,,,
8,15626768,2709119,,,,
8,15633122,2627359,,,,
8,15638978,2660794,,,,
8,15648158,2164105,,,,
8,15686589,179699,,,,
8,15691404,2743657,,,,
8,15697813,2692626,,,,
8,15705170,2263813,,,,
8,15729716,88296,,,,
8,15748132,2645230,,,,
8,15756664,2413193,,,,
8,15762551,2690982,,,,
8,15768722,2645516,,,,
8,15776536,2406731,,,,
8,15785708,2519618,,,,
8,15795110,2533013,,,,
9,15817941,1085191,,,,
9,15822694,2799123,,,,
9,15825873,1348608,,,,
9,15861410,1375636,,,,
9,15861356,430713,,,,
9,15902883,2026196,,,,
9,15908941,2660382,,,,
9,15913969,2796921,,,,
9,15919179,2714552,,,,
9,15925298,2774400,,,,
9,15929968,2626169,,,,
9,15935540,2803791,,,,
9,15945719,2500755,,,,
9,15949746,2880524,,,,
9,15957390,2021895,,,,
9,15960857,34197,,,,
9,16004958,2281173,,,,
9,16011678,2599066,,,,
9,16013536,3087666,,,,
9,16013115,157657,,,,
9,16058861,1887810,,,,
9,16062907,2849125,,,,
9,16066744,2999200,,,,
9,16073197,2629144,,,,
9,16079891,2608602,,,,
9,16081216,757054,,,,
9,16121764,1757486,,,,
9,16128276,2125107,,,,
9,16148711,1877614,,,,
9,16151406,3008690,,,,
9,16153440,2967527,,,,
9,16160726,2892534,,,,
9,16165901,2756368,,,,
9,16172946,2455833,,,,
9,16182197,2525833,,,,
9,16188446,2644527,,,,
9,16188420,920427,,,,
9,16230135,1468975,,,,
9,16234299,2861714,,,,
9,16243060,2394896,,,,
9,16247041,2865481,,,,
9,16250454,2888382,,,,
9,16257911,2471566,,,,
9,16257731,17987,,,,
9,16320290,689871,,,,
9,16324539,2833281,,,,
9,16328472,2883634,,,,
9,16332414,2871814,,,,
9,16340042,2509735,,,,
9,16347472,2523340,,,,
9,16349902,2333104,,,,
9,16384140,121998,,,,
9,16392695,2718055,,,,
9,16416499,1212026,,,,
9,16419981,2925289,,,,
9,16424975,2701330,,,,
9,16428735,3001843,,,,
9,16432417,2898202,,,,
9,16439620,2548655,,,,
9,16442126,1522705,,,,
9,16482877,793489,,,,
9,16487989,2762666,,,,
9,16490792,2950051,,,,
9,16495730,2885485,,,,
9,16502433,2771083,,,,
9,16508152,2694890,,,,
9,16511908,2904604,,,,
9,16513559,436082,,,,
9,16572551,222294,,,,
9,16576462,2833532,,,,
9,16579919,3017432,,,,
9,16588077,2461336,,,,
9,16592734,2796198,,,,
9,16596362,2799005,,,,
9,16602088,2853465,,,,
9,16607934,2137732,,,,
9,16626656,110460,,,,
9,16650219,2877350,,,,
9,16656302,2885811,,,,
9,16661337,2760903,,,,
9,16666554,2585001,,,,
9,16674474,2673389,,,,
9,16680015,2724894,,,,
9,16698702,1399186,,,,
9,16698255,109956,,,,
9,16742859,2160652,,,,
9,16748021,2745647,,,,
9,16751888,2874594,,,,
9,16760558,2527153,,,,
9,16769347,2390720,,,,
9,16789814,1342824,,,,
9,16796013,2644376,,,,
9,16795512,286624,,,,
9,16836687,2248568,,,,
9,16840627,2867015,,,,
9,16846127,2672538,,,,
9,16851470,2863978,,,,
9,16856471,2721067,,,,
9,16861878,2846143,,,,
9,16866865,2764391,,,,
9,16868796,447400,,,,
9,16911974,1592229,,,,
10,16912378,3223510,,,,
10,16917080,2801302,,,,
10,16921028,2879728,,,,
10,16921341,1354224,,,,
10,16960248,1462003,,,,
10,16970101,2285522,,,,
10,16972184,3046216,,,,
10,16976769,2718472,,,,
10,16982395,2691411,,,,
10,16987750,2873269,,,,
10,16989633,3015188,,,,
10,16990493,189726,,,,
10,17030500,2729163,,,,
10,17032301,3084351,,,,
10,17034610,3030629,,,,
10,17037341,2995977,,,,
10,17037888,1897258,,,,
10,17076543,922193,,,,
10,17079167,3003129,,,,
10,17080700,3098798,,,,
10,17083375,2996814,,,,
10,17088933,3015194,,,,
10,17090805,3078068,,,,
10,17092637,2112369,,,,
10,17117842,1725652,,,,
10,17117402,1129007,,,,
10,17159039,1292984,,,,
10,17161939,2991438,,,,
10,17163485,3103583,,,,
10,17167872,2642119,,,,
10,17172308,3027635,,,,
10,17172406,1651304,,,,
10,17213823,760464,,,,
10,17216683,2990763,,,,
10,17217496,3201502,,,,
10,17217939,3220515,,,,
10,17219674,2298145,,,,
10,17236636,107188,,,,
10,17261825,3040920,,,,
10,17269471,2513504,,,,
10,17271746,1247936,,,,
10,17296070,2661535,,,,
10,17301758,2629169,,,,
10,17305752,2955953,,,,
10,17306793,3159997,,,,
10,17308286,3113949,,,,
10,17309701,3119992,,,,
10,17311360,2887747,,,,
10,17314353,1691378,,,,
10,17338904,2316050,,,,
10,17338255,1984716,,,,
10,17338007,24795,,,,
10,17397512,2080701,,,,
10,17398622,3160644,,,,
10,17403806,2756437,,,,
10,17406099,3040553,,,,
10,17411117,2698865,,,,
10,17412567,3230938,,,,
10,17417606,2751838,,,,
10,17420654,2970095,,,,
10,17423429,2894551,,,,
10,17426262,2357766,,,,
10,17465453,247678,,,,
10,17470238,2691019,,,,
10,17473250,2559466,,,,
10,17490023,96796,,,,
10,17513446,2972175,,,,
10,17516977,2915210,,,,
10,17517662,3201681,,,,
10,17522353,2804375,,,,
10,17528185,2682298,,,,
10,17528102,1474525,,,,
10,17571388,860122,,,,
10,17576987,2705277,,,,
10,17583868,2588408,,,,
10,17593394,2206303,,,,
10,17598791,2774683,,,,
10,17603572,2926737,,,,
10,17604846,2302253,,,,
10,17606396,38087,,,,
10,17652477,2617195,,,,
10,17656612,2729816,,,,
10,17664722,2583658,,,,
10,17668750,2877406,,,,
10,17678536,2304296,,,,
10,17679520,1837853,,,,
10,17717751,751722,,,,
10,17723661,2865692,,,,
10,17726293,2999856,,,,
10,17730088,2172559,,,,
10,17748385,2204845,,,,
10,17752043,2889349,,,,
10,17754001,3060049,,,,
10,17758316,2826044,,,,
10,17764431,2636740,,,,
10,17766549,818412,,,,
10,17807567,1549580,,,,
10,17814747,2459846,,,,
10,17818531,3014391,,,,
10,17836866,1516394,,,,
10,17839955,2957663,,,,
10,17839510,134734,,,,
11,17880423,2533770,,,,
11,17882706,3040784,,,,
11,17887775,2770555,,,,
11,17887162,3327524,,,,
11,17887960,3155271,,,,
11,17888359,494544,,,,
11,17926624,2529908,,,,
11,17928941,3038230,,,,
11,17935877,2583688,,,,
11,17936357,3223519,,,,
11,17937314,3155497,,,,
11,17938532,3146425,,,,
11,17938405,629080,,,,
11,17976972,2067507,,,,
11,17980397,3101117,,,,
11,17981594,3141583,,,,
11,17985156,2916043,,,,
11,17984675,3322953,,,,
11,17983609,1054924,,,,
11,18027280,1285670,,,,
11,18033387,2679678,,,,
11,18035532,3049187,,,,
11,18039388,2894380,,,,
11,18038641,224308,,,,
11,18079577,2293035,,,,
11,18085003,2809724,,,,
11,18084240,3338071,,,,
11,18090203,2669914,,,,
11,18092655,3026576,,,,
11,18096170,2916041,,,,
11,18098607,3019660,,,,
11,18113412,768467,,,,
11,18131144,2516924,,,,
11,18131828,3152362,,,,
11,18131575,25285,,,,
11,18178255,2370246,,,,
11,18181423,2952474,,,,
11,18188182,2593533,,,,
11,18189398,3169641,,,,
11,18209361,1234209,,,,
11,18212292,3073874,,,,
11,18214948,1482442,,,,
11,18257165,625542,,,,
11,18257285,3247682,,,,
11,18262647,2728584,,,,
11,18267412,2796782,,,,
11,18269185,3085500,,,,
11,18272092,3093466,,,,
11,18273672,3104887,,,,
11,18288059,1031256,,,,
11,18297146,3161962,,,,
11,18297186,1465679,,,,
11,18334664,1532573,,,,
11,18339975,2720953,,,,
11,18342578,3020102,,,,
11,18347629,2766297,,,,
11,18351464,2876231,,,,
11,18356157,2799788,,,,
11,18356970,1570855,,,,
11,18399102,890211,,,,
11,18400484,3116156,,,,
11,18400769,3041522,,,,
11,18403386,3239896,,,,
11,18423900,1124038,,,,
11,18427760,3018507,,,,
11,18432768,2756918,,,,
11,18435977,2903621,,,,
11,18439048,3032850,,,,
11,18441248,528588,,,,
11,18479949,2250626,,,,
11,18484206,2762144,,,,
11,18489886,3106082,,,,
11,18489691,585065,,,,
11,18530934,2043632,,,,
11,18530304,3330657,,,,
11,18534051,2914833,,,,
11,18535225,2604961,,,,
11,18556464,1840598,,,,
11,18557169,3215397,,,,
11,18561330,2776848,,,,
11,18561939,2690450,,,,
11,18561705,23375,,,,
11,18605614,2787248,,,,
11,18606060,3266308,,,,
11,18612055,2835704,,,,
11,18623706,2198572,,,,
11,18635326,2111557,,,,
11,18638872,2907045,,,,
11,18647887,2362566,,,,
11,18651546,2116100,,,,
11,18688061,144079,,,,
11,18694830,2848007,,,,
11,18694680,3285970,,,,
11,18696525,1459012,,,,
11,18737727,781695,,,,
11,18739644,3088941,,,,
11,18741845,3184833,,,,
11,18742674,3185612,,,,
11,18742703,2207483,,,,
11,18765077,2203597,,,,
11,18768509,2305718,,,,
11,18804716,403274,,,,
12,18808582,2876418,,,,
12,18805393,3528370,,,,
12,18807857,3136821,,,,
12,18809680,2888745,,,,
12,18811267,1337912,,,,
12,18849523,1576870,,,,
12,18848120,3356867,,,,
12,18849202,3246078,,,,
12,18851283,3046516,,,,
12,18854008,2992432,,,,
12,18854520,3215307,,,,
12,18856288,3084322,,,,
12,18855643,1792528,,,,
12,18893972,1099185,,,,
12,18893140,3346598,,,,
12,18892805,3280121,,,,
12,18894959,2878157,,,,
12,18919215,1057307,,,,
12,18923452,2825981,,,,
12,18923363,3273496,,,,
12,18925269,3023380,,,,
12,18929759,3012569,,,,
12,18930300,1216448,,,,
12,18970473,1283789,,,,
12,18975111,2793283,,,,
12,18979808,2781809,,,,
12,18978284,2064144,,,,
12,19016762,816435,,,,
12,19018031,3143866,,,,
12,19019696,3087761,,,,
12,19020841,2981479,,,,
12,19025305,3003561,,,,
12,19023628,2474905,,,,
12,19061054,581582,,,,
12,19060521,3322761,,,,
12,19061701,3220187,,,,
12,19059294,3500882,,,,
12,19061221,3062780,,,,
12,19060084,3365758,,,,
12,19059021,3311716,,,,
12,19057854,1316022,,,,
12,19099813,1298046,,,,
12,19098606,3273663,,,,
12,19101147,3130167,,,,
12,19100307,3231395,,,,
12,19100891,2050259,,,,
12,19122568,2377629,,,,
12,19120114,2451737,,,,
12,19160890,304724,,,,
12,19160886,3261905,,,,
12,19163006,3045406,,,,
12,19163810,3187243,,,,
12,19163484,3277913,,,,
12,19164757,3238270,,,,
12,19164828,3215439,,,,
12,19164562,26565,,,,
12,19200942,3184614,,,,
12,19200047,3335960,,,,
12,19202966,2971954,,,,
12,19205424,2961586,,,,
12,19210969,2973233,,,,
12,19211482,3219783,,,,
12,19211045,114292,,,,
12,19248017,2705098,,,,
12,19247983,3386415,,,,
12,19246319,3423493,,,,
12,19244699,582355,,,,
12,19277349,185883,,,,
12,19306756,3010866,,,,
12,19308765,3209735,,,,
12,19307974,3344937,,,,
12,19309968,3062450,,,,
12,19307731,3415962,,,,
12,19310019,3143416,,,,
12,19311635,3106293,,,,
12,19313760,2892964,,,,
12,19317939,3085205,,,,
12,19320713,1020989,,,,
12,19360198,1376768,,,,
12,19361485,3122602,,,,
12,19365397,2860545,,,,
12,19364304,3372245,,,,
12,19362370,1832504,,,,
12,19380082,3144158,,,,
12,19379790,3297597,,,,
12,19381258,1256560,,,,
12,19421654,1087742,,,,
12,19425430,2885916,,,,
12,19430680,2736328,,,,
12,19429626,3355596,,,,
12,19427664,586905,,,,
12,19469269,2053901,,,,
12,19472069,2996863,,,,
12,19475590,2905339,,,,
12,19476446,1400932,,,,
12,19499205,2698677,,,,
12,19498461,3476452,,,,
12,19502315,2871559,,,,
12,19500701,3414156,,,,
12,19499925,377396,,,,
12,19541781,2161331,,,,
12,19539503,3591907,,,,
13,19538930,3326823,,,,
13,19542739,2872541,,,,
13,19539299,2699903,,,,
13,19538989,30779,,,,
13,19596430,1795816,,,,
13,19598052,3169365,,,,
13,19598064,3171968,,,,
13,19596274,3539136,,,,
13,19596316,3240646,,,,
13,19595894,3306469,,,,
13,19600781,2786582,,,,
13,19600363,3304900,,,,
13,19596182,3533334,,,,
13,19595782,39654,,,,
13,19631251,3180450,,,,
13,19629077,3651442,,,,
13,19625048,3660575,,,,
13,19625335,3246780,,,,
13,19645119,1291948,,,,
13,19643573,3335343,,,,
13,19646942,3084495,,,,
13,19647384,1849461,,,,
13,19686959,785367,,,,
13,19690381,2908623,,,,
13,19690404,3213281,,,,
13,19691773,3165793,,,,
13,19695716,2867997,,,,
13,19693889,690083,,,,
13,19736054,1937516,,,,
13,19737611,3100018,,,,
13,19737246,3296759,,,,
13,19737522,3160558,,,,
13,19741902,2950941,,,,
13,19746043,2842487,,,,
13,19743406,3366849,,,,
13,19743137,26875,,,,
13,19783277,2734873,,,,
13,19783034,3289174,,,,
13,19783512,3214720,,,,
13,19783042,236892,,,,
13,19817290,2836444,,,,
13,19814575,3629742,,,,
13,19817107,3027082,,,,
13,19824004,2562961,,,,
13,19822375,2183517,,,,
13,19862586,532572,,,,
13,19868735,2645181,,,,
13,19865492,3582702,,,,
13,19870401,2769428,,,,
13,19868820,3314149,,,,
13,19865140,3714206,,,,
13,19865161,1138127,,,,
13,19906333,1546157,,,,
13,19909790,2921212,,,,
13,19920291,2208991,,,,
13,19931524,2125089,,,,
13,19934157,2988372,,,,
13,19952708,1510499,,,,
13,19955817,2948117,,,,
13,19955525,80089,,,,
13,20003164,1455366,,,,
13,20012897,2551032,,,,
13,20019324,2778845,,,,
13,20023841,2825569,,,,
13,20027886,2030364,,,,
13,20066639,258191,,,,
13,20066822,3260214,,,,
13,20074603,2431584,,,,
13,20077464,3097790,,,,
13,20094989,1517892,,,,
13,20110416,1712434,,,,
13,20122300,2069803,,,,
13,20121061,1577047,,,,
13,20159878,1283688,,,,
13,20160003,3242231,,,,
13,20158056,3458028,,,,
13,20158212,1741790,,,,
13,20157940,27153,,,,
13,20223790,1628214,,,,
13,20226610,2878745,,,,
13,20230606,2951268,,,,
13,20239950,2324685,,,,
13,20256285,1630680,,,,
13,20261239,2766946,,,,
13,20265840,2801469,,,,
13,20273987,2442477,,,,
13,20273093,1421166,,,,
13,20319350,675529,,,,
13,20331489,2019340,,,,
13,20344897,2102654,,,,
13,20350860,2657679,,,,
13,20353619,2989111,,,,
13,20352896,251472,,,,
13,20403028,1451395,,,,
13,20407792,2729212,,,,
13,20417935,2072871,,,,
13,20445830,665863,,,,
13,20454269,1092244,,,,
13,20500445,404727,,,,
13,20511574,2329659,,,,
13,20529856,1440629,,,,
13,20544054,1534995,,,,
14,20570667,659454,,,,
14,20584663,1315321,,,,
14,20610694,1675528,,,,
14,20626127,1712386,,,,
14,20629035,914228,,,,
14,20656559,3026669,,,,
14,20656218,33959,,,,
14,20695120,3002683,,,,
14,20695063,3256005,,,,
14,20693091,3454976,,,,
14,20697562,2803635,,,,
14,20699632,3046449,,,,
14,20696134,2089849,,,,
14,20734446,958042,,,,
14,20733010,3527771,,,,
14,20734257,3096387,,,,
14,20737326,3372103,,,,
14,20734375,2401459,,,,
14,20773552,557463,,,,
14,20773357,3276618,,,,
14,20769725,3520231,,,,
14,20768334,3498636,,,,
14,20767196,3202080,,,,
14,20773146,2450196,,,,
14,20772910,23565,,,,
14,20826528,1721735,,,,
14,20826253,3172275,,,,
14,20831371,3006136,,,,
14,20832879,3115966,,,,
14,20832525,36785,,,,
14,20870757,2934392,,,,
14,20871299,3197663,,,,
14,20870855,3313865,,,,
14,20872025,3147925,,,,
14,20873798,2951503,,,,
14,20876988,3239880,,,,
14,20878036,92101,,,,
14,20915468,2733603,,,,
14,20914636,3487517,,,,
14,20916122,3111964,,,,
14,20914134,2285494,,,,
14,20913812,32056,,,,
14,20972313,2058576,,,,
14,20972770,3112321,,,,
14,20977581,3061999,,,,
14,20972995,3721631,,,,
14,20971306,3375579,,,,
14,20969700,3507557,,,,
14,20969584,3267528,,,,
14,20972119,2999416,,,,
14,20969176,3555292,,,,
14,20966583,1147645,,,,
14,21003836,2108385,,,,
14,21005956,3095763,,,,
14,21003722,3599254,,,,
14,21002773,3311756,,,,
14,21002823,3271791,,,,
14,21002335,1554465,,,,
14,21036500,1842303,,,,
14,21032780,3625480,,,,
14,21032858,3049437,,,,
14,21039204,2771652,,,,
14,21036998,2020460,,,,
14,21036662,33447,,,,
14,21088624,3080516,,,,
14,21088619,3256141,,,,
14,21087609,3363931,,,,
14,21086912,3323380,,,,
14,21086066,3340486,,,,
14,21081567,3706526,,,,
14,21082244,3195163,,,,
14,21080926,3400455,,,,
14,21079822,672476,,,,
14,21116366,2593541,,,,
14,21117137,3280361,,,,
14,21119098,3191512,,,,
14,21116046,3566818,,,,
14,21115157,580072,,,,
14,21153619,2110509,,,,
14,21154974,3214229,,,,
14,21155753,3133490,,,,
14,21156614,3298442,,,,
14,21160293,2896265,,,,
14,21157498,2777699,,,,
14,21157120,37759,,,,
14,21214458,1751896,,,,
14,21215409,3167551,,,,
14,21211317,3647444,,,,
14,21210896,3382746,,,,
14,21213248,3099398,,,,
14,21215484,3034859,,,,
14,21210963,3715472,,,,
14,21212087,3143127,,,,
14,21215584,1151033,,,,
14,21251654,1370552,,,,
14,21253596,3171369,,,,
14,21253361,3286677,,,,
14,21250929,3502925,,,,
14,21250128,3252361,,,,
14,21247928,3540447,,,,
14,21248426,116566,,,,
14,21286230,2727160,,,,
15,21283635,3457932,,,,
15,21285621,3209191,,,,
15,21287589,3076120,,,,
15,21285121,653905,,,,
15,21324961,2178101,,,,
15,21322579,3619865,,,,
15,21319174,3540167,,,,
15,21321259,3178365,,,,
15,21320293,966980,,,,
15,21358380,1911367,,,,
15,21355864,3519404,,,,
15,21356164,3243366,,,,
15,21352802,3602410,,,,
15,21349511,3586389,,,,
15,21347243,1846744,,,,
15,21387876,848831,,,,
15,21384514,3612844,,,,
15,21382786,3441395,,,,
15,21378049,3728974,,,,
15,21377912,3266460,,,,
15,21379099,3280356,,,,
15,21374715,2755366,,,,
15,21411643,715392,,,,
15,21407223,3585594,,,,
15,21407134,3366646,,,,
15,21410061,3082113,,,,
15,21414049,2875196,,,,
15,21412348,1148359,,,,
15,21452334,1719557,,,,
15,21451265,3363215,,,,
15,21449211,3473486,,,,
15,21444460,3741307,,,,
15,21443456,3370040,,,,
15,21441435,3459784,,,,
15,21438776,1531602,,,,
15,21477760,1558482,,,,
15,21477159,3240648,,,,
15,21473076,3874685,,,,
15,21471492,3426394,,,,
15,21471295,3276715,,,,
15,21468374,3551823,,,,
15,21467831,280614,,,,
15,21507143,2571841,,,,
15,21504127,3575751,,,,
15,21506537,2962183,,,,
15,21501768,2948439,,,,
15,21539021,486252,,,,
15,21535951,3591473,,,,
15,21539246,3133872,,,,
15,21535681,3733402,,,,
15,21537171,3124651,,,,
15,21539418,3051728,,,,
15,21536015,2862711,,,,
15,21556369,2072747,,,,
15,21553034,3601979,,,,
15,21548635,3091373,,,,
15,21561733,90888,,,,
15,21586398,3334486,,,,
15,21579935,3905369,,,,
15,21575763,3681621,,,,
15,21578623,1177153,,,,
15,21597792,3216370,,,,
15,21594707,3714013,,,,
15,21594064,1697182,,,,
15,21593681,38273,,,,
15,21651156,2544856,,,,
15,21652831,3058668,,,,
15,21652233,3309693,,,,
15,21650305,3576701,,,,
15,21647068,3593907,,,,
15,21647368,3239181,,,,
15,21646263,3388356,,,,
15,21644470,3453349,,,,
15,21644421,3273452,,,,
15,21642622,2478033,,,,
15,21683165,380376,,,,
15,21678606,3718098,,,,
15,21675253,3381049,,,,
15,21679403,3079655,,,,
15,21678940,2752484,,,,
15,21697659,165871,,,,
15,21712234,3679254,,,,
15,21711159,3443830,,,,
15,21713280,3164377,,,,
15,21714265,3156308,,,,
15,21730302,1545240,,,,
15,21733276,3084749,,,,
15,21732899,3219982,,,,
15,21730762,1979478,,,,
15,21769669,1048280,,,,
15,21771618,3062915,,,,
15,21773898,3041706,,,,
15,21770762,3507307,,,,
15,21768859,2594773,,,,
15,21790144,2333752,,,,
15,21788592,1203577,,,,
15,21824572,1970328,,,,
15,21826059,3114181,,,,
15,21825542,3309812,,,,
15,21823285,3489421,,,,
15,21825560,3024373,,,,
15,21823683,3157281,,,,
16,21823279,40278,,,,
16,21858096,3543843,,,,
16,21853997,3682865,,,,
16,21846281,3990420,,,,
16,21842749,3667881,,,,
16,21838683,3674395,,,,
16,21833720,3760027,,,,
16,21832683,241512,,,,
16,21866429,3051099,,,,
16,21860537,3855935,,,,
16,21854400,3886293,,,,
16,21857077,3005548,,,,
16,21851279,3104183,,,,
16,21881685,221690,,,,
16,21890778,3221812,,,,
16,21882043,4142477,,,,
16,21880717,3349181,,,,
16,21877737,3542453,,,,
16,21891662,146692,,,,
16,21908785,3604017,,,,
16,21908308,3492470,,,,
16,21901284,3865014,,,,
16,21896816,3823017,,,,
16,21903975,2559396,,,,
16,21902872,3369326,,,,
16,21898290,1833703,,,,
16,21936065,1555280,,,,
16,21929652,4009460,,,,
16,21924561,3686619,,,,
16,21924463,3488494,,,,
16,21921959,3517163,,,,
16,21922012,1618637,,,,
16,21961527,1011661,,,,
16,21955921,3815052,,,,
16,21949650,3818709,,,,
16,21948219,3414202,,,,
16,21943773,2719787,,,,
16,21980598,671247,,,,
16,21977076,3705739,,,,
16,21973889,3596027,,,,
16,21966983,3901032,,,,
16,21964453,3609262,,,,
16,21984120,1095989,,,,
16,21986921,3330922,,,,
16,21986569,3292488,,,,
16,21987888,3134553,,,,
16,21983669,3676525,,,,
16,21982693,2128147,,,,
16,22003692,1598614,,,,
16,22037648,837708,,,,
16,22036242,3489314,,,,
16,22029533,3948646,,,,
16,22023260,3864424,,,,
16,22025745,3129881,,,,
16,22023071,1924289,,,,
16,22033857,3809219,,,,
16,22035023,3150140,,,,
16,22027234,4043064,,,,
16,22019806,3929494,,,,
16,22019454,36783,,,,
16,22055951,3278006,,,,
16,22052213,3715999,,,,
16,22047521,3664762,,,,
16,22043707,3775245,,,,
16,22040699,3575543,,,,
16,22039860,418747,,,,
16,22079163,2473346,,,,
16,22075620,3623179,,,,
16,22094429,1400173,,,,
16,22087981,3917370,,,,
16,22084501,3619175,,,,
16,22078646,3863770,,,,
16,22078808,3253887,,,,
16,22071169,4026691,,,,
16,22069736,1499382,,,,
16,22108077,1261407,,,,
16,22098794,4361835,,,,
16,22096277,3521642,,,,
16,22089347,3966851,,,,
16,22083904,3822808,,,,
16,22083943,571428,,,,
16,22120669,2326289,,,,
16,22116641,3676092,,,,
16,22112196,3717851,,,,
16,22111652,3165210,,,,
16,22110666,3565047,,,,
16,22108348,3084059,,,,
16,22107949,38695,,,,
16,22141141,3630929,,,,
16,22135166,3994165,,,,
16,22133246,3462756,,,,
16,22128057,3787170,,,,
16,22126901,1806426,,,,
16,22126484,41555,,,,
16,22180877,2816118,,,,
16,22177465,3576724,,,,
16,22175141,3580581,,,,
16,22168870,3903679,,,,
16,22164814,3664774,,,,
16,22159920,3769232,,,,
16,22154082,3855042,,,,
16,22149629,3526234,,,,
17,22146010,2990991,,,,
17,22183221,384127,,,,
17,22183127,3483901,,,,
17,22178835,3697418,,,,
17,22173645,3783246,,,,
17,22171597,3415005,,,,
17,22164591,3687948,,,,
17,22164174,41693,,,,
17,22199510,3508616,,,,
17,22193187,4003074,,,,
17,22190423,3531992,,,,
17,22192153,3088044,,,,
17,22188172,3661597,,,,
17,22186422,376468,,,,
17,22220298,3051901,,,,
17,22213409,3959048,,,,
17,22206716,3767101,,,,
17,22203195,3772171,,,,
17,22195977,4000124,,,,
17,22194143,847054,,,,
17,22232234,2133166,,,,
17,22225593,4127379,,,,
17,22219971,3835366,,,,
17,22224816,2776074,,,,
17,22220273,3724019,,,,
17,22218686,1190684,,,,
17,22251035,2520655,,,,
17,22244764,3883745,,,,
17,22242029,3535989,,,,
17,22241280,3335139,,,,
17,22235756,3633988,,,,
17,22235409,34691,,,,
17,22276791,2767941,,,,
17,22269891,4097867,,,,
17,22266859,3683984,,,,
17,22262954,3662747,,,,
17,22261525,286716,,,,
17,22318466,886029,,,,
17,22324529,2740578,,,,
17,22322241,3437535,,,,
17,22321756,3441616,,,,
17,22320435,3413621,,,,
17,22316467,3661784,,,,
17,22312710,3655479,,,,
17,22302739,4261738,,,,
17,22296780,3758997,,,,
17,22294150,3652596,,,,
17,22291300,3549852,,,,
17,22288965,849416,,,,
17,22325768,2520460,,,,
17,22325534,3293361,,,,
17,22322659,3474018,,,,
17,22318705,2939327,,,,
17,22318279,42591,,,,
17,22374165,2011169,,,,
17,22374124,3352700,,,,
17,22374140,3182034,,,,
17,22369010,3873878,,,,
17,22365300,3745778,,,,
17,22357842,4014299,,,,
17,22353276,3733162,,,,
17,22353348,3270190,,,,
17,22343736,4231733,,,,
17,22343132,66870,,,,
17,22377049,3273485,,,,
17,22373044,3803544,,,,
17,22368738,3710128,,,,
17,22364362,2477677,,,,
17,22403058,654735,,,,
17,22398475,3797605,,,,
17,22394917,3413201,,,,
17,22389383,4044023,,,,
17,22384369,3661294,,,,
17,22384628,3195629,,,,
17,22383675,3714139,,,,
17,22391700,2653581,,,,
17,22399010,2437185,,,,
17,22398182,2630633,,,,
17,22435333,469892,,,,
17,22431198,3155189,,,,
17,22430762,43467,,,,
17,22488767,1443163,,,,
17,22484926,3635516,,,,
17,22480551,3796064,,,,
17,22475567,3758438,,,,
17,22470923,3745279,,,,
17,22467294,3624413,,,,
17,22458170,4092350,,,,
17,22451679,4038435,,,,
17,22446596,3738179,,,,
17,22442473,2305345,,,,
17,22483387,763642,,,,
17,22478843,3725990,,,,
17,22476379,3506783,,,,
17,22470818,3824542,,,,
17,22464788,3160436,,,,
17,22503570,319007,,,,
17,22497808,3855201,,,,
17,22493141,3720655,,,,
17,22489635,3601386,,,,
17,22487256,3616458,,,,
17,22486503,2921971,,,,
18,22486109,39353,,,,
18,22522096,3428720,,,,
18,22513569,4035349,,,,
18,22508894,3854588,,,,
18,22507202,3367066,,,,
18,22504354,2077340,,,,
18,22539876,1265824,,,,
18,22532029,4263281,,,,
18,22527161,3754408,,,,
18,22525854,3378840,,,,
18,22524682,3381186,,,,
18,22522676,815809,,,,
18,22564556,347166,,,,
18,22575344,3692557,,,,
18,22572935,3592329,,,,
18,22567923,3766221,,,,
18,22560846,3960392,,,,
18,22557968,3568063,,,,
18,22549988,4074492,,,,
18,22546613,3482727,,,,
18,22545280,3599400,,,,
18,22541196,1671300,,,,
18,22578861,1575278,,,,
18,22569189,4262217,,,,
18,22568024,3487554,,,,
18,22562631,3798198,,,,
18,22562190,43588,,,,
18,22621228,912688,,,,
18,22618060,3599576,,,,
18,22616382,3359666,,,,
18,22608869,4033137,,,,
18,22607398,3516928,,,,
18,22603886,3603942,,,,
18,22596883,4027328,,,,
18,22596232,3379974,,,,
18,22588082,4248699,,,,
18,22582392,3839440,,,,
18,22583587,392465,,,,
18,22621500,2251871,,,,
18,22617603,3492158,,,,
18,22615222,3754639,,,,
18,22607177,3996807,,,,
18,22603770,1408785,,,,
18,22641372,1692813,,,,
18,22633583,4161222,,,,
18,22635297,3334119,,,,
18,22624983,4191704,,,,
18,22620246,2029951,,,,
18,22657547,1692104,,,,
18,22657172,3320028,,,,
18,22647122,4266951,,,,
18,22641668,3904394,,,,
18,22639818,3450871,,,,
18,22634523,3800743,,,,
18,22633781,129847,,,,
18,22670103,3008648,,,,
18,22667640,3522595,,,,
18,22660039,4016576,,,,
18,22655799,3552259,,,,
18,22650589,2770695,,,,
18,22684774,1230172,,,,
18,22679288,3784299,,,,
18,22669837,4344253,,,,
18,22673618,2895984,,,,
18,22671579,3464562,,,,
18,22671322,2282686,,,,
18,22706379,734846,,,,
18,22704407,3555708,,,,
18,22698319,3872261,,,,
18,22693457,3758799,,,,
18,22686687,3937241,,,,
18,22682563,1379925,,,,
18,22716189,2459442,,,,
18,22714509,3438024,,,,
18,22709885,3735335,,,,
18,22700822,4161187,,,,
18,22698534,3251645,,,,
18,22698132,40164,,,,
18,22731695,3779916,,,,
18,22728887,3637543,,,,
18,22720396,4009985,,,,
18,22716448,3769627,,,,
18,22714915,3301978,,,,
18,22713414,3548131,,,,
18,22708964,2437201,,,,
18,22745337,877291,,,,
18,22738196,4095285,,,,
18,22736899,3395688,,,,
18,22734798,860720,,,,
18,22766427,236729,,,,
18,22792285,3330805,,,,
18,22786594,3826300,,,,
18,22782747,3552137,,,,
18,22776697,3962285,,,,
18,22771940,3754349,,,,
18,22766387,3711103,,,,
18,22764106,3590958,,,,
18,22763466,1695321,,,,
18,22797986,1780845,,,,
18,22795258,3537739,,,,
18,22791767,3524505,,,,
18,22785081,3957715,,,,
19,22779982,3878432,,,,
19,22775980,3654641,,,,
19,22773469,491939,,,,
19,22805720,3061044,,,,
19,22796355,4150077,,,,
19,22791490,3901270,,,,
19,22785814,3948450,,,,
19,22802377,1616353,,,,
19,22797958,3701062,,,,
19,22792352,3827608,,,,
19,22786673,3216792,,,,
19,22811819,279076,,,,
19,22815470,4011378,,,,
19,22811228,3674255,,,,
19,22806269,3760989,,,,
19,22798995,3992379,,,,
19,22792109,3938476,,,,
19,22788574,1906528,,,,
19,22828092,1292641,,,,
19,22816613,4404468,,,,
19,22807682,4326129,,,,
19,22802175,3766823,,,,
19,22796381,3849820,,,,
19,22788610,4147845,,,,
19,22788162,46686,,,,
19,22821429,3473156,,,,
19,22811669,4344891,,,,
19,22805756,3857666,,,,
19,22799204,3901503,,,,
19,22791882,2647176,,,,
19,22829612,857569,,,,
19,22823641,3820234,,,,
19,22818044,3912795,,,,
19,22812207,3842573,,,,
19,22813337,3132348,,,,
19,22809118,3681473,,,,
19,22808304,1017466,,,,
19,22845482,290589,,,,
19,22861658,3468044,,,,
19,22858144,3607808,,,,
19,22851143,3955248,,,,
19,22845821,3796037,,,,
19,22844456,3401273,,,,
19,22839236,3787981,,,,
19,22833529,3746735,,,,
19,22825754,3857226,,,,
19,22825265,48830,,,,
19,22854830,3998964,,,,
19,22848959,3857319,,,,
19,22867475,1404243,,,,
19,22861811,3818901,,,,
19,22855367,4126461,,,,
19,22851236,3680105,,,,
19,22849902,3401621,,,,
19,22843543,2863942,,,,
19,22843100,44171,,,,
19,22895104,2426310,,,,
19,22891966,3591399,,,,
19,22883929,4256584,,,,
19,22876370,4012005,,,,
19,22871322,3869104,,,,
19,22862382,4097994,,,,
19,22854597,4084643,,,,
19,22846308,4196130,,,,
19,22836470,3822258,,,,
19,22836022,44748,,,,
19,22887643,1963451,,,,
19,22882554,3772757,,,,
19,22876367,3856684,,,,
19,22871692,3650754,,,,
19,22864957,4121357,,,,
19,22859658,3862836,,,,
19,22855067,3889709,,,,
19,22853957,1748116,,,,
19,22891149,1456784,,,,
19,22890311,3260151,,,,
19,22889106,3648699,,,,
19,22884210,3757637,,,,
19,22876281,4050108,,,,
19,22872877,2076181,,,,
19,22872273,60067,,,,
19,22923258,3075508,,,,
19,22918537,3687160,,,,
19,22915393,3654932,,,,
19,22906902,4027595,,,,
19,22902706,3782458,,,,
19,22896997,3838226,,,,
19,22891417,3807808,,,,
19,22910878,1565456,,,,
19,22903469,4021055,,,,
19,22898435,3748070,,,,
19,22895380,3524748,,,,
19,22886126,4320376,,,,
19,22880905,2623936,,,,
19,22920002,676086,,,,
19,22917704,3488031,,,,
19,22913847,3643636,,,,
19,22910137,3134510,,,,
19,22929540,172930,,,,
19,22944546,3608325,,,,
19,22939656,3872282,,,,
19,22935062,3726941,,,,
20,22929080,3791507,,,,
20,22924375,3527425,,,,
20,22923874,50055,,,,
20,22978724,1436777,,,,
20,22971064,4019940,,,,
20,22969069,3438951,,,,
20,22961834,4036855,,,,
20,22953915,4255071,,,,
20,22946217,3920757,,,,
20,22937435,4248007,,,,
20,22930409,3965286,,,,
20,22929741,447436,,,,
20,22969328,2341869,,,,
20,22964481,3745705,,,,
20,22961036,3593735,,,,
20,22951636,4192919,,,,
20,22943151,4110856,,,,
20,22936938,3873605,,,,
20,22929904,2428297,,,,
20,22968362,1049390,,,,
20,22960806,3911918,,,,
20,22950299,4494348,,,,
20,22943028,3978519,,,,
20,22944466,3113999,,,,
20,22939059,2935505,,,,
20,22938547,51128,,,,
20,22992964,1970001,,,,
20,22986908,3928216,,,,
20,22980998,3892018,,,,
20,22970993,4254501,,,,
20,22964452,3910130,,,,
20,22957740,3937551,,,,
20,22951871,3847222,,,,
20,22948547,3584385,,,,
20,22940999,4015240,,,,
20,22940285,1591833,,,,
20,22975555,1735578,,,,
20,22965106,4302574,,,,
20,22960161,3748867,,,,
20,22952418,3911528,,,,
20,22946568,2370159,,,,
20,22985394,957891,,,,
20,22974668,4435168,,,,
20,22966652,4046722,,,,
20,22966252,3301936,,,,
20,22960448,2801401,,,,
20,22997135,643087,,,,
20,22990156,3955060,,,,
20,22985433,3732999,,,,
20,22976868,4106159,,,,
20,22968384,4095752,,,,
20,22961617,3378470,,,,
20,22998439,219452,,,,
20,22988172,4429957,,,,
20,22982748,3737101,,,,
20,22976130,4055089,,,,
20,22967967,4071004,,,,
20,22960499,3815791,,,,
20,22951155,4483172,,,,
20,22946607,3724016,,,,
20,22941059,2191311,,,,
20,22971622,1954615,,,,
20,22965916,3865560,,,,
20,22962346,3627942,,,,
20,22961796,61110,,,,
20,22991822,3494525,,,,
20,22985621,4006935,,,,
20,22978125,4008670,,,,
20,22970134,3977858,,,,
20,22965215,3887091,,,,
20,22966456,467066,,,,
20,22999639,2634848,,,,
20,22990933,4126112,,,,
20,22981814,4175468,,,,
20,22971977,4244178,,,,
20,22964440,4014890,,,,
20,22955526,4135762,,,,
20,22951770,1483812,,,,
20,22988443,2003800,,,,
20,22976735,4436124,,,,
20,22967189,4199837,,,,
20,22958349,4248870,,,,
20,22954452,1743780,,,,
20,22953895,55655,,,,
20,23004580,3512856,,,,
20,22995652,4258175,,,,
20,22987241,4103710,,,,
20,22980107,3982939,,,,
20,22970590,4207369,,,,
20,22961077,4221100,,,,
20,22951066,4261988,,,,
20,22946129,3703677,,,,
20,22934194,4560797,,,,
20,22923112,4340625,,,,
20,22922764,725352,,,,
20,22959098,2474376,,,,
20,22955105,3719296,,,,
20,22953122,3560731,,,,
20,22946747,3183685,,,,
20,22957654,214312,,,,
20,22977948,3991099,,,,
20,22969929,4053954,,,,
21,22960859,4171219,,,,
21,22952955,4035820,,,,
21,22947779,3798895,,,,
21,22941735,2638057,,,,
21,22974860,1110810,,,,
21,22966851,4273409,,,,
21,22957821,4169427,,,,
21,22951880,3858965,,,,
21,22948311,737924,,,,
21,22975322,3377761,,,,
21,22964583,4466781,,,,
21,22958665,3857298,,,,
21,22958476,3265980,,,,
21,22951608,3060963,,,,
21,22981479,458596,,,,
21,22978238,4330887,,,,
21,22971228,3529055,,,,
21,22981666,2832894,,,,
21,22972479,4252242,,,,
21,22967504,3780458,,,,
21,22954558,4515297,,,,
21,22943109,4511990,,,,
21,22933619,4209494,,,,
21,22921956,4430147,,,,
21,22922823,2997246,,,,
21,22922277,54361,,,,
21,22959917,3195287,,,,
21,22951058,4241259,,,,
21,22947499,3585727,,,,
21,22941017,3956886,,,,
21,22940597,484084,,,,
21,22975162,2621330,,,,
21,22968224,4139762,,,,
21,22958030,4277301,,,,
21,22952469,3806811,,,,
21,22940412,4357675,,,,
21,22936510,1466843,,,,
21,22945919,163279,,,,
21,22990200,3361450,,,,
21,22983312,3949818,,,,
21,22976454,3934364,,,,
21,22966418,4252530,,,,
21,22961418,3755478,,,,
21,22952407,4164691,,,,
21,22943046,4200663,,,,
21,22939013,3656374,,,,
21,22932297,2157691,,,,
21,22931621,67567,,,,
21,22990718,2444861,,,,
21,22984898,3807106,,,,
21,22979363,3853595,,,,
21,22972156,3908163,,,,
21,22964783,4166085,,,,
21,22955687,4278205,,,,
21,22946352,4197087,,,,
21,22939672,2896289,,,,
21,22939156,51584,,,,
21,22990588,2410591,,,,
21,22984758,3910071,,,,
21,22976678,4073822,,,,
21,22969123,3930820,,,,
21,22960619,4207310,,,,
21,22953841,3638986,,,,
21,22964151,2562052,,,,
21,22956516,4011357,,,,
21,22948369,4060930,,,,
21,22938233,4263549,,,,
21,22934837,3604227,,,,
21,22928304,3914446,,,,
21,22922739,3691049,,,,
21,22913740,4298228,,,,
21,22913046,71499,,,,
21,22945451,3287694,,,,
21,22936584,4074384,,,,
21,22935785,378998,,,,
21,22967637,3179287,,,,
21,22962730,3745588,,,,
21,22952508,4285933,,,,
21,22942683,4083803,,,,
21,22940623,856856,,,,
21,22995681,634381,,,,
21,22986757,4153698,,,,
21,22985363,3392860,,,,
21,22976908,4089148,,,,
21,22972049,3840921,,,,
21,22965286,3920920,,,,
21,22958744,3916626,,,,
21,22946883,4356282,,,,
21,22942489,3714957,,,,
21,22934700,3994268,,,,
21,22926699,4295100,,,,
21,22923314,1498649,,,,
21,22958993,2114782,,,,
21,22949465,3930096,,,,
21,22948912,55291,,,,
21,22979100,3850262,,,,
21,22967263,4517486,,,,
21,22959267,4056514,,,,
21,22972973,1882398,,,,
21,22964669,4090417,,,,
21,22953124,4395261,,,,
21,22948583,3873935,,,,
22,22940748,4041569,,,,
22,22933240,3975215,,,,
22,22929497,3778444,,,,
22,22918303,4386126,,,,
22,22915457,824344,,,,
22,22944848,3011343,,,,
22,22936024,4246369,,,,
22,22925253,4319621,,,,
22,22919455,3206523,,,,
22,22931914,186093,,,,
22,22947277,4247405,,,,
22,22938051,4187600,,,,
22,22932152,3738855,,,,
22,22924974,4074483,,,,
22,22925885,3088375,,,,
22,22915457,4435059,,,,
22,22911838,1787357,,,,
22,22947763,1672849,,,,
22,22940756,3964546,,,,
22,22932744,4064118,,,,
22,22955180,1006074,,,,
22,22942272,4541476,,,,
22,22931335,4305755,,,,
22,22921663,4412304,,,,
22,22919827,650007,,,,
22,22951860,2982476,,,,
22,22942139,4232925,,,,
22,22936683,3814363,,,,
22,22930591,3862048,,,,
22,22922708,4051522,,,,
22,22934508,1859633,,,,
22,22930470,3935401,,,,
22,22917666,3901226,,,,
22,22917056,60923,,,,
22,22968847,2084401,,,,
22,22960328,4123259,,,,
22,22952610,4041043,,,,
22,22940639,4465671,,,,
22,22933537,3932788,,,,
22,22925061,4161978,,,,
22,22914685,4297849,,,,
22,22905074,4105585,,,,
22,22895575,4362791,,,,
22,22894225,200538,,,,
22,22951740,816783,,,,
22,22947176,3711426,,,,
22,22939451,4032183,,,,
22,22930553,4146690,,,,
22,22922719,3952011,,,,
22,22915328,4107940,,,,
22,22906021,4204858,,,,
22,22896965,4165902,,,,
22,22885603,4398470,,,,
22,22873051,4516580,,,,
22,22862482,3643202,,,,
22,22880750,249294,,,,
22,22893524,3990688,,,,
22,22887956,3465063,,,,
22,22902311,2309194,,,,
22,22898904,3583775,,,,
22,22896277,3522748,,,,
22,22886323,4259570,,,,
22,22885812,170316,,,,
22,22918745,3146157,,,,
22,22908126,4323953,,,,
22,22897977,4170784,,,,
22,22887280,4447073,,,,
22,22882809,1237810,,,,
22,22901941,239717,,,,
22,22929652,4129332,,,,
22,22926718,1770492,,,,
22,22934617,4360942,,,,
22,22925781,4139161,,,,
22,22919645,3907417,,,,
22,22915551,3765925,,,,
22,22909363,3819393,,,,
22,22898887,4354478,,,,
22,22891817,3979413,,,,
22,22882974,4217265,,,,
22,22874917,4165318,,,,
22,22865964,4275539,,,,
22,22854528,4406106,,,,
22,22853613,91389,,,,
22,22881143,3842331,,,,
22,22871332,4375436,,,,
22,22867676,2038887,,,,
22,22867133,54299,,,,
22,22917068,3288666,,,,
22,22909726,3917681,,,,
22,22900185,4317404,,,,
22,22893706,3909496,,,,
22,22883416,4299370,,,,
22,22875166,4022313,,,,
22,22865334,4379853,,,,
22,22852839,4459030,,,,
22,22845311,3263955,,,,
22,22844827,48266,,,,
22,22895871,2450120,,,,
22,22887914,4071348,,,,
22,22876609,4456610,,,,
22,22867745,4140170,,,,
22,22858341,4207139,,,,
23,22851051,3884972,,,,
23,22838644,4541135,,,,
23,22828461,4386642,,,,
23,22819048,4094873,,,,
23,22809763,4025237,,,,
23,22809200,56224,,,,
23,22860284,1834655,,,,
23,22850013,4370992,,,,
23,22840608,4197668,,,,
23,22831671,4072298,,,,
23,22824794,4052202,,,,
23,22813456,4397313,,,,
23,22804364,4171487,,,,
23,22798129,3881600,,,,
23,22783738,4694320,,,,
23,22772035,4420976,,,,
23,22769519,742982,,,,
23,22799018,3433192,,,,
23,22791754,3888241,,,,
23,22789996,874594,,,,
23,22817232,3321617,,,,
23,22808874,4092771,,,,
23,22798104,4347186,,,,
23,22789746,4096093,,,,
23,22784569,3764103,,,,
23,22777168,3222971,,,,
23,22792589,2514007,,,,
23,22792287,3423457,,,,
23,22781070,4524469,,,,
23,22777096,1125748,,,,
23,22808294,2836363,,,,
23,22800315,4048894,,,,
23,22787951,4500441,,,,
23,22777945,4279000,,,,
23,22769961,4077235,,,,
23,22765500,1620519,,,,
23,22767783,100589,,,,
23,22817769,3448940,,,,
23,22809854,4047302,,,,
23,22803267,3903238,,,,
23,22792859,4312661,,,,
23,22785158,4024758,,,,
23,22772958,4492203,,,,
23,22765324,4035486,,,,
23,22756547,4138442,,,,
23,22751925,3715011,,,,
23,22749774,633745,,,,
23,22778227,3368175,,,,
23,22767910,4426798,,,,
23,22754763,4702040,,,,
23,22745830,3051122,,,,
23,22745249,58025,,,,
23,22798376,2594940,,,,
23,22790535,4042432,,,,
23,22782413,4071263,,,,
23,22777055,3793800,,,,
23,22765539,4415008,,,,
23,22755600,4245730,,,,
23,22742723,4551130,,,,
23,22730163,4509109,,,,
23,22723325,3850404,,,,
23,22710379,4687366,,,,
23,22697221,4084825,,,,
23,22696735,48569,,,,
23,22752132,1665345,,,,
23,22740983,4388368,,,,
23,22731599,4096548,,,,
23,22718874,4642652,,,,
23,22709661,4025776,,,,
23,22723030,2105497,,,,
23,22715114,4042265,,,,
23,22705812,4187459,,,,
23,22698889,4147896,,,,
23,22690283,2876963,,,,
23,22689718,56414,,,,
23,22738188,2940970,,,,
23,22730104,4106777,,,,
23,22720905,4273567,,,,
23,22714658,3990067,,,,
23,22705683,4166773,,,,
23,22699925,3808271,,,,
23,22693558,3050978,,,,
23,22731524,600427,,,,
23,22720161,4393358,,,,
23,22710729,4297997,,,,
23,22719086,1516578,,,,
23,22717308,4404568,,,,
23,22709042,4089730,,,,
23,22701480,4013655,,,,
23,22689915,4419285,,,,
23,22680289,4279708,,,,
23,22674742,3957724,,,,
23,22673876,108694,,,,
23,22701919,3846035,,,,
23,22717224,1729460,,,,
23,22708431,4140281,,,,
23,22701039,3998445,,,,
23,22690859,4280303,,,,
23,22680082,4335289,,,,
23,22669135,4350342,,,,
23,22667776,3393841,,,,
23,22664367,987239,,,,
24,22697892,2552323,,,,
24,22689883,4029090,,,,
24,22678761,4399584,,,,
24,22673544,3788934,,,,
24,22662737,4201948,,,,
24,22662072,66473,,,,
24,22690766,3950741,,,,
24,22683256,4174461,,,,
24,22674872,4099794,,,,
24,22665784,4150819,,,,
24,22655599,4451514,,,,
24,22654785,108775,,,,
24,22709850,1101075,,,,
24,22702977,4028543,,,,
24,22697030,3864687,,,,
24,22688918,4078481,,,,
24,22686812,3493094,,,,
24,22674581,4374443,,,,
24,22667513,3870639,,,,
24,22660878,4180907,,,,
24,22646129,4726399,,,,
24,22634634,3688056,,,,
24,22652936,231560,,,,
24,22666995,3846076,,,,
24,22664835,1431920,,,,
24,22676040,4283140,,,,
24,22666226,4237378,,,,
24,22656608,4226201,,,,
24,22653469,625710,,,,
24,22709521,794048,,,,
24,22702686,3148625,,,,
24,22712402,3136995,,,,
24,22701704,4358437,,,,
24,22694035,4100949,,,,
24,22686151,4070658,,,,
24,22679765,3920504,,,,
24,22669007,4334931,,,,
24,22661929,3523658,,,,
24,22671000,3006211,,,,
24,22662258,4150073,,,,
24,22652843,4202649,,,,
24,22641649,4407523,,,,
24,22628747,4547208,,,,
24,22618750,4142394,,,,
24,22605372,4756319,,,,
24,22602117,1812805,,,,
24,22601616,49937,,,,
24,22647971,3707783,,,,
24,22639315,4123794,,,,
24,22634063,3920244,,,,
24,22625248,4140775,,,,
24,22619337,3750918,,,,
24,22611550,3190650,,,,
24,22645848,835979,,,,
24,22635534,4408155,,,,
24,22623978,4428891,,,,
24,22614360,3406759,,,,
24,22644176,541471,,,,
24,22641252,4170415,,,,
24,22627467,4675870,,,,
24,22621684,3760884,,,,
24,22616380,3637008,,,,
24,22623657,191199,,,,
24,22643070,4164100,,,,
24,22632528,4295834,,,,
24,22623217,4229423,,,,
24,22609999,4590633,,,,
24,22605014,2057856,,,,
24,22637835,1807948,,,,
24,22624795,4657455,,,,
24,22615223,4195272,,,,
24,22614030,3502212,,,,
24,22608061,3857725,,,,
24,22600559,3838133,,,,
24,22595185,2849062,,,,
24,22621999,387776,,,,
24,22635147,3439307,,,,
24,22627161,4076508,,,,
24,22619749,4007990,,,,
24,22610812,4109114,,,,
24,22606616,3434127,,,,
24,22606024,59081,,,,
24,22639856,3770014,,,,
24,22635119,3759856,,,,
24,22623317,4566668,,,,
24,22612366,4366987,,,,
24,22602925,4214452,,,,
24,22596218,3935275,,,,
24,22613340,1551898,,,,
24,22606096,2469606,,,,
24,22610247,4448461,,,,
24,22598781,4310011,,,,
24,22593377,2472691,,,,
24,22625055,1697891,,,,
24,22615523,4208921,,,,
24,22631572,1648140,,,,
24,22625808,3918615,,,,
24,22617034,4122538,,,,
24,22602434,4817928,,,,
24,22590970,4417504,,,,
24,22583968,3970043,,,,
24,22579666,2753711,,,,
25,22579120,54545,,,,
25,22632903,2101413,,,,
25,22624041,4123501,,,,
25,22616318,4054367,,,,
25,22604640,4532681,,,,
25,22596615,3959245,,,,
25,22589197,4124308,,,,
25,22584881,3690818,,,,
25,22575541,4323283,,,,
25,22560208,4800503,,,,
25,22556697,1730654,,,,
25,22589044,1980773,,,,
25,22585505,2028251,,,,
25,22593635,4095960,,,,
25,22578639,4752553,,,,
25,22566604,4500341,,,,
25,22557361,4165276,,,,
25,22548455,3053709,,,,
25,22586918,590162,,,,
25,22573463,4742245,,,,
25,22559457,4570339,,,,
25,22551993,4128330,,,,
25,22538932,4574933,,,,
25,22534839,1337950,,,,
25,22566925,2330118,,,,
25,22558949,4174881,,,,
25,22546662,4494212,,,,
25,22535558,4324204,,,,
25,22522318,4713566,,,,
25,22515656,2083867,,,,
25,22548985,1895602,,,,
25,22542406,3841223,,,,
25,22529984,4551290,,,,
25,22516870,4586161,,,,
25,22509017,4250184,,,,
25,22496959,4465015,,,,
25,22493823,985134,,,,
25,22521801,3307446,,,,
25,22510034,4522497,,,,
25,22500677,4312859,,,,
25,22489671,3316352,,,,
25,22521789,1334745,,,,
25,22514123,3970987,,,,
25,22503652,4412373,,,,
25,22492806,4340117,,,,
25,22482487,4412904,,,,
25,22468573,4659753,,,,
25,22464370,1277636,,,,
25,22497971,2364877,,,,
25,22487161,4334102,,,,
25,22478839,4094632,,,,
25,22467782,3938049,,,,
25,22476629,175403,,,,
25,22496716,4054062,,,,
25,22488622,4153755,,,,
25,22475647,4554551,,,,
25,22465928,4228572,,,,
25,22457342,4120266,,,,
25,22451621,2017029,,,,
25,22484222,1938296,,,,
25,22478486,3995738,,,,
25,22469875,4024689,,,,
25,22461167,4242067,,,,
25,22452562,4122176,,,,
25,22439189,4593317,,,,
25,22436934,416758,,,,
25,22464798,3509641,,,,
25,22455288,4300585,,,,
25,22441470,4641652,,,,
25,22430726,4149087,,,,
25,22423644,4169495,,,,
25,22420877,1056251,,,,
25,22456646,2216658,,,,
25,22453824,3540236,,,,
25,22441309,4515122,,,,
25,22430043,4397757,,,,
25,22417450,4523078,,,,
25,22411450,2182603,,,,
25,22445690,1791005,,,,
25,22436375,4194691,,,,
25,22429907,3878587,,,,
25,22419968,4375775,,,,
25,22410138,4252987,,,,
25,22405978,3688445,,,,
25,22399481,2548587,,,,
25,22435109,1187724,,,,
25,22427302,3063357,,,,
25,22437406,3314817,,,,
25,22425946,4497852,,,,
25,22414865,4382991,,,,
25,22399192,4830741,,,,
25,22389145,4274437,,,,
25,22380310,4131361,,,,
25,22368959,3901117,,,,
25,22368375,58356,,,,
25,22420695,2169697,,,,
25,22412982,3889979,,,,
25,22403272,4446293,,,,
25,22393668,4222055,,,,
25,22387728,3859999,,,,
25,22375574,4472829,,,,
25,22367096,4113489,,,,
26,22362896,1654561,,,,
26,22396215,2004618,,,,
26,22386824,4192983,,,,
26,22375023,4379140,,,,
26,22364981,4375699,,,,
26,22353020,4453703,,,,
26,22340697,4379873,,,,
26,22329671,4387885,,,,
26,22331696,154044,,,,
26,22357155,3911086,,,,
26,22341953,4675397,,,,
26,22339105,3570633,,,,
26,22330508,4226200,,,,
26,22325361,1349585,,,,
26,22355877,2606293,,,,
26,22350585,3885317,,,,
26,22339536,4361347,,,,
26,22332428,3966026,,,,
26,22324622,4033615,,,,
26,22312227,4183761,,,,
26,22317329,172494,,,,
26,22335103,4486221,,,,
26,22323695,4179913,,,,
26,22317370,4022289,,,,
26,22309499,2567102,,,,
26,22339491,1985726,,,,
26,22334077,3791656,,,,
26,22324043,4265668,,,,
26,22316310,4144856,,,,
26,22309545,3872100,,,,
26,22299467,3096992,,,,
26,22337372,930241,,,,
26,22322661,4863659,,,,
26,22309419,4490003,,,,
26,22306572,3767185,,,,
26,22295402,4284856,,,,
26,22291611,1195962,,,,
26,22323723,2648676,,,,
26,22335878,2131841,,,,
26,22323243,4524920,,,,
26,22313657,4217193,,,,
26,22300545,4563437,,,,
26,22287796,4612817,,,,
26,22284422,3715727,,,,
26,22272213,3795027,,,,
26,22271513,69877,,,,
26,22325636,1775388,,,,
26,22314853,4405364,,,,
26,22304531,4238874,,,,
26,22300172,3783445,,,,
26,22285650,4660088,,,,
26,22272348,4659218,,,,
26,22267405,2248154,,,,
26,22271311,4660319,,,,
26,22271581,3246724,,,,
26,22270482,216451,,,,
26,22302218,3427948,,,,
26,22317998,1688034,,,,
26,22309614,4087561,,,,
26,22301187,4102698,,,,
26,22291063,4263442,,,,
26,22278605,4509897,,,,
26,22273369,3742100,,,,
26,22263540,4381821,,,,
26,22250927,4518235,,,,
26,22241742,3303868,,,,
26,22278533,402304,,,,
26,22270936,4077370,,,,
26,22268545,1247600,,,,
26,22299528,2491483,,,,
26,22286635,4630667,,,,
26,22281128,3772138,,,,
26,22293336,2220204,,,,
26,22275901,5076396,,,,
26,22260407,4744263,,,,
26,22253270,4058752,,,,
26,22236920,4816360,,,,
26,22225726,4391861,,,,
26,22219355,2462743,,,,
26,22254687,1357964,,,,
26,22240512,4673079,,,,
26,22230512,4263626,,,,
26,22215533,4762194,,,,
26,22205561,4251240,,,,
26,22199393,3891581,,,,
26,22189828,3690091,,,,
26,22205962,225494,,,,
26,22223490,3494802,,,,
26,22211599,4449475,,,,
26,22209008,1633646,,,,
26,22215042,4549952,,,,
26,22204102,4471634,,,,
26,22197928,3875373,,,,
26,22212922,1903424,,,,
26,22203628,4164395,,,,
26,22198400,3867502,,,,
26,22185326,4557516,,,,
26,22175820,2598760,,,,
26,22208277,1602593,,,,
26,22192509,4830986,,,,
26,22184202,2929454,,,,
26,22195982,3289470,,,,
27,22182082,4713912,,,,
27,22172276,4154419,,,,
27,22170828,1002139,,,,
27,22199344,422889,,,,
27,22221867,3744578,,,,
27,22212058,4216826,,,,
27,22197529,4787144,,,,
27,22189143,4102493,,,,
27,22179231,4266376,,,,
27,22170827,4004603,,,,
27,22157054,4764588,,,,
27,22146083,4291796,,,,
27,22162189,1810045,,,,
27,22148919,4518207,,,,
27,22141076,4114754,,,,
27,22124237,4936132,,,,
27,22123271,163071,,,,
27,22150302,3771097,,,,
27,22136949,4508455,,,,
27,22126179,4402700,,,,
27,22119492,4259153,,,,
27,22102575,4878681,,,,
27,22100819,525220,,,,
27,22127068,3705041,,,,
27,22110505,4867423,,,,
27,22096428,4769272,,,,
27,22087044,3217913,,,,
27,22112569,317748,,,,
27,22122483,3649038,,,,
27,22115079,3795139,,,,
27,22124718,2671566,,,,
27,22108730,4847393,,,,
27,22094598,4656527,,,,
27,22082093,4603177,,,,
27,22067086,4763235,,,,
27,22055468,4422883,,,,
27,22043586,4445992,,,,
27,22034652,2453556,,,,
27,22064436,2032821,,,,
27,22049653,4738003,,,,
27,22037860,4350849,,,,
27,22027531,4417195,,,,
27,22022269,3784850,,,,
27,22020803,291268,,,,
27,22076164,872098,,,,
27,22067247,4149013,,,,
27,22059356,3974768,,,,
27,22047248,4490333,,,,
27,22035327,4565684,,,,
27,22023433,4444448,,,,
27,22009983,4607393,,,,
27,22000921,4039115,,,,
27,21981958,5314821,,,,
27,21978177,1558385,,,,
27,22007654,2534092,,,,
27,21994011,4609762,,,,
27,21989919,3673303,,,,
27,21981780,2406860,,,,
27,21981062,71756,,,,
27,22030496,3378400,,,,
27,22020354,4299300,,,,
27,22010106,4294603,,,,
27,21998467,4501395,,,,
27,21988036,4168940,,,,
27,21979985,4216789,,,,
27,21967022,4578762,,,,
27,21960786,3865466,,,,
27,21948850,4498223,,,,
27,21935989,4713669,,,,
27,21932954,795385,,,,
27,21965389,2835322,,,,
27,21957590,4036410,,,,
27,21949518,3548220,,,,
27,21948750,76741,,,,
27,21976866,4330259,,,,
27,21967162,4237139,,,,
27,21952538,4649613,,,,
27,21940245,4619157,,,,
27,21931667,4018208,,,,
27,21916755,4936382,,,,
27,21916027,74928,,,,
27,21943969,4074723,,,,
27,21932041,4463937,,,,
27,21918546,4617455,,,,
27,21910224,4091203,,,,
27,21903258,2714725,,,,
27,21915146,2350425,,,,
27,21945931,1201115,,,,
27,21932691,4662000,,,,
27,21915953,4933292,,,,
27,21907830,4078898,,,,
27,21895218,4524277,,,,
27,21887351,4017999,,,,
27,21881803,3719056,,,,
27,21870731,4392184,,,,
27,21866713,1592119,,,,
27,21896630,2677377,,,,
27,21880705,4846202,,,,
27,21866524,4665488,,,,
27,21851483,4761223,,,,
27,21842728,2085516,,,,
27,21846252,244097,,,,
28,21884900,4252570,,,,
28,21897107,2288047,,,,
28,21881119,4867333,,,,
28,21871859,4166798,,,,
28,21862707,4169863,,,,
28,21852118,4327173,,,,
28,21836641,4710125,,,,
28,21832672,3779282,,,,
28,21815110,4956352,,,,
28,21806473,4397607,,,,
28,21817523,2148300,,,,
28,21813370,3677534,,,,
28,21825288,1956393,,,,
28,21812924,4419087,,,,
28,21806330,4049694,,,,
28,21793484,4590841,,,,
28,21783293,3334846,,,,
28,21819277,986757,,,,
28,21802494,4895035,,,,
28,21793703,4248603,,,,
28,21784219,4212575,,,,
28,21779327,1270425,,,,
28,21812556,2617578,,,,
28,21807902,3727174,,,,
28,21802950,3752720,,,,
28,21790260,4537654,,,,
28,21782036,3982887,,,,
28,21781416,61961,,,,
28,21807493,4297432,,,,
28,21798431,4115626,,,,
28,21785494,4606285,,,,
28,21774892,4214652,,,,
28,21768091,4053118,,,,
28,21758089,3401085,,,,
28,21795614,501295,,,,
28,21785212,4274368,,,,
28,21775712,4302808,,,,
28,21759795,4859417,,,,
28,21746258,4554000,,,,
28,21757849,2158099,,,,
28,21748319,4095844,,,,
28,21743092,4035242,,,,
28,21728552,4560699,,,,
28,21727911,64036,,,,
28,21753941,4143828,,,,
28,21767438,2152966,,,,
28,21753278,4651100,,,,
28,21740796,4554777,,,,
28,21751784,2106020,,,,
28,21737457,4798377,,,,
28,21724861,4462627,,,,
28,21711492,4759798,,,,
28,21698656,4562619,,,,
28,21685197,4578351,,,,
28,21701716,1810770,,,,
28,21689031,4529913,,,,
28,21680468,4116670,,,,
28,21667839,3646804,,,,
28,21704340,550899,,,,
28,21690427,4621127,,,,
28,21679454,4053395,,,,
28,21692780,2332074,,,,
28,21677701,4784297,,,,
28,21678826,3158662,,,,
28,21662685,4887709,,,,
28,21650717,4474616,,,,
28,21648212,2042756,,,,
28,21659906,3599354,,,,
28,21646712,4492446,,,,
28,21638400,3065378,,,,
28,21674943,869630,,,,
28,21661135,4639595,,,,
28,21650170,4358147,,,,
28,21639679,4322750,,,,
28,21625244,4710943,,,,
28,21614861,4183370,,,,
28,21599014,4977667,,,,
28,21584563,4265542,,,,
28,21606505,265522,,,,
28,21604846,4785498,,,,
28,21591879,4571259,,,,
28,21582888,4151837,,,,
28,21567348,4826474,,,,
28,21559577,2331647,,,,
28,21593892,1694638,,,,
28,21580560,4518257,,,,
28,21567712,4675685,,,,
28,21557111,4332247,,,,
28,21552037,2479099,,,,
28,21587231,1196392,,,,
28,21573132,4629427,,,,
28,21562648,4369019,,,,
28,21548142,4839450,,,,
28,21536382,4446789,,,,
28,21527971,4112258,,,,
28,21517070,4358748,,,,
28,21502777,4702671,,,,
28,21497104,1295298,,,,
28,21526303,409384,,,,
28,21535588,4821748,,,,
28,21528110,4004335,,,,
28,21514257,4655490,,,,
29,21501976,4496491,,,,
29,21494147,4048906,,,,
29,21490531,1568427,,,,
29,21527035,1910877,,,,
29,21514795,4489575,,,,
29,21506144,4125513,,,,
29,21492836,4596302,,,,
29,21478514,4663673,,,,
29,21465274,4645940,,,,
29,21454284,4509936,,,,
29,21445495,2513285,,,,
29,21476184,2010480,,,,
29,21464198,4569659,,,,
29,21453383,4347077,,,,
29,21444065,4197579,,,,
29,21426871,4827597,,,,
29,21426251,64883,,,,
29,21455302,4196486,,,,
29,21438925,4837354,,,,
29,21429670,4098309,,,,
29,21417202,4720764,,,,
29,21415612,305541,,,,
29,21446641,3354838,,,,
29,21429818,4923335,,,,
29,21415623,4799292,,,,
29,21406311,4206508,,,,
29,21389111,4929426,,,,
29,21386561,686913,,,,
29,21416924,3372030,,,,
29,21430491,1912105,,,,
29,21413624,4864892,,,,
29,21399151,4821107,,,,
29,21386100,4498520,,,,
29,21371989,4731562,,,,
29,21362971,4271055,,,,
29,21350139,4559365,,,,
29,21346056,1355818,,,,
29,21376421,2577475,,,,
29,21364771,4529883,,,,
29,21348360,4820072,,,,
29,21334918,4674426,,,,
29,21328874,1826136,,,,
29,21363397,2087359,,,,
29,21351910,4423651,,,,
29,21340514,4410876,,,,
29,21323315,4865335,,,,
29,21310670,4655049,,,,
29,21297634,4554990,,,,
29,21287327,3269576,,,,
29,21286563,76349,,,,
29,21331127,3329000,,,,
29,21317810,4585890,,,,
29,21310152,4032279,,,,
29,21298013,4431074,,,,
29,21286557,4510855,,,,
29,21271268,4779769,,,,
29,21261214,4274962,,,,
29,21250651,4204156,,,,
29,21235044,4964737,,,,
29,21228151,1750745,,,,
29,21258442,2508465,,,,
29,21244438,4656992,,,,
29,21231991,4620995,,,,
29,21228665,1577833,,,,
29,21259855,2210263,,,,
29,21250565,4301014,,,,
29,21235550,4685042,,,,
29,21219209,4962492,,,,
29,21206450,4539397,,,,
29,21197006,4207054,,,,
29,21188917,2446315,,,,
29,21223745,1504415,,,,
29,21206587,4974897,,,,
29,21194383,4485343,,,,
29,21180177,4688721,,,,
29,21168757,3263823,,,,
29,21204126,915188,,,,
29,21191208,4550394,,,,
29,21176584,4732987,,,,
29,21160350,4880071,,,,
29,21155089,3046756,,,,
29,21171774,2378624,,,,
29,21156313,4695373,,,,
29,21146463,4421259,,,,
29,21139622,3683966,,,,
29,21138766,82691,,,,
29,21194287,1278766,,,,
29,21185742,4113744,,,,
29,21174319,4397945,,,,
29,21166636,4023494,,,,
29,21156278,4357875,,,,
29,21143027,4593843,,,,
29,21130577,4511648,,,,
29,21113238,4990341,,,,
29,21096633,4878535,,,,
29,21089950,2956918,,,,
29,21097436,3635100,,,,
29,21089574,4049184,,,,
29,21076376,4576540,,,,
29,21070207,1594514,,,,
29,21099760,2721699,,,,
29,21086247,4612790,,,,
30,21075245,4365781,,,,
30,21063369,4123843,,,,
30,21062507,86013,,,,
30,21114612,1791729,,,,
30,21103302,4476776,,,,
30,21099878,3577013,,,,
30,21084088,4948947,,,,
30,21069397,4621034,,,,
30,21058762,4504386,,,,
30,21070293,2099741,,,,
30,21057612,4416306,,,,
30,21047292,4472090,,,,
30,21031223,4860916,,,,
30,21020803,4258966,,,,
30,21002042,5315557,,,,
30,20990113,4465658,,,,
30,20987103,758754,,,,
30,21013797,3429268,,,,
30,21000502,4705647,,,,
30,20990596,3429296,,,,
30,20989816,77997,,,,
30,21034594,2919452,,,,
30,21023416,4038491,,,,
30,21035769,2406822,,,,
30,21022672,4599518,,,,
30,21010217,4598633,,,,
30,20994366,4790697,,,,
30,20982025,4635815,,,,
30,20966689,4806744,,,,
30,20956848,4251031,,,,
30,20947133,4246447,,,,
30,20930586,4914872,,,,
30,20919594,4367922,,,,
30,20902878,4952958,,,,
30,20889973,4473988,,,,
30,20890010,150664,,,,
30,20915758,4011402,,,,
30,20902454,4596684,,,,
30,20890408,3371627,,,,
30,20923453,1249360,,,,
30,20909040,4642328,,,,
30,20895011,4783707,,,,
30,20884193,4353150,,,,
30,20872237,4261093,,,,
30,20855828,5101168,,,,
30,20851810,1216586,,,,
30,20881018,3118971,,,,
30,20865367,4818558,,,,
30,20855187,4144320,,,,
30,20873000,1300635,,,,
30,20862778,4765101,,,,
30,20850512,4487715,,,,
30,20840565,3993581,,,,
30,20833206,2647902,,,,
30,20865563,1785976,,,,
30,20850553,4686956,,,,
30,20834400,4861344,,,,
30,20821990,4669363,,,,
30,20808500,4606812,,,,
30,20807557,97100,,,,
30,20862508,1229787,,,,
30,20849814,4610505,,,,
30,20839301,4300452,,,,
30,20828011,4399970,,,,
30,20813026,4880632,,,,
30,20802387,4324263,,,,
30,20788680,4625271,,,,
30,20772323,5017827,,,,
30,20758972,4593959,,,,
30,20756186,852369,,,,
30,20781530,3621365,,,,
30,20771608,4263301,,,,
30,20753294,4987376,,,,
30,20743532,4375436,,,,
30,20730994,4524179,,,,
30,20719756,3787007,,,,
30,20740962,481810,,,,
30,20740051,4609943,,,,
30,20731314,4261450,,,,
30,20720007,4326223,,,,
30,20701336,4752498,,,,
30,20700684,65167,,,,
30,20729841,4021509,,,,
30,20717789,4685354,,,,
30,20706110,4546795,,,,
30,20705349,168648,,,,
30,20734882,3694986,,,,
30,20721138,4641883,,,,
30,20709522,4428922,,,,
30,20692218,4941324,,,,
30,20680995,4410735,,,,
30,20666967,4664916,,,,
30,20662100,1339432,,,,
30,20686933,3354835,,,,
30,20671851,4767453,,,,
30,20657380,4712703,,,,
30,20647864,4092109,,,,
30,20644239,1508866,,,,
30,20681122,1880414,,,,
30,20669021,4491924,,,,
30,20659057,4270280,,,,
30,20647938,4376438,,,,
31,20632356,4832078,,,,
31,20616861,4796556,,,,
31,20605510,4461401,,,,
31,20595581,4406849,,,,
31,20594778,80242,,,,
31,20621803,4006073,,,,
31,20607917,4665182,,,,
31,20594605,4469724,,,,
31,20577554,5187546,,,,
31,20576349,193297,,,,
31,20629988,1282370,,,,
31,20619762,4318681,,,,
31,20609820,4230312,,,,
31,20601074,4235757,,,,
31,20589037,4477900,,,,
31,20575852,4488878,,,,
31,20560902,4871990,,,,
31,20554782,3822653,,,,
31,20540950,4665549,,,,
31,20535700,1317950,,,,
31,20565658,2942249,,,,
31,20547522,5091849,,,,
31,20539013,4122677,,,,
31,20535124,1401145,,,,
31,20563111,2791972,,,,
31,20547042,4889047,,,,
31,20536365,4349073,,,,
31,20521637,4732051,,,,
31,20507419,4679887,,,,
31,20498881,4054679,,,,
31,20485634,4784480,,,,
31,20472327,4359912,,,,
31,20472924,98698,,,,
31,20494743,4433034,,,,
31,20484032,4451274,,,,
31,20474339,2600551,,,,
31,20503825,2020819,,,,
31,20490492,4602551,,,,
31,20476730,4647277,,,,
31,20463457,4436043,,,,
31,20453514,4419672,,,,
31,20452363,453001,,,,
31,20504488,1186796,,,,
31,20489626,4696955,,,,
31,20474719,4824758,,,,
31,20458646,4863302,,,,
31,20442288,4975914,,,,
31,20431463,4451385,,,,
31,20417970,4611883,,,,
31,20411673,3847720,,,,
31,20399032,4576993,,,,
31,20389486,4214545,,,,
31,20379022,3942647,,,,
31,20387562,183441,,,,
31,20399793,4780130,,,,
31,20387375,4399306,,,,
31,20380623,3944495,,,,
31,20371730,2671780,,,,
31,20370772,95780,,,,
31,20409084,4522200,,,,
31,20397356,4434471,,,,
31,20381853,5003206,,,,
31,20372539,4172082,,,,
31,20366342,2402580,,,,
31,20371931,4281013,,,,
31,20362254,4386038,,,,
31,20352648,4225656,,,,
31,20343725,4155575,,,,
31,20330700,4567894,,,,
31,20319149,4352371,,,,
31,20307254,3326586,,,,
31,20340341,1291662,,,,
31,20327170,4583433,,,,
31,20313274,4658681,,,,
31,20306896,2972442,,,,
31,20320402,2874360,,,,
31,20312777,4029312,,,,
31,20305154,4025017,,,,
31,20291415,3999942,,,,
31,20290521,89391,,,,
31,20341791,2108555,,,,
31,20343559,2327803,,,,
31,20336155,4782529,,,,
31,20322519,4588529,,,,
31,20308548,4713447,,,,
31,20299450,4255364,,,,
31,20282493,4960510,,,,
31,20269147,4602038,,,,
31,20253446,4836113,,,,
31,20239503,4664172,,,,
31,20228960,4324793,,,,
31,20236414,2479389,,,,
31,20226007,4426124,,,,
31,20210001,4867356,,,,
31,20198151,2887903,,,,
31,20225882,2338068,,,,
31,20214240,4419318,,,,
31,20200649,4429608,,,,
31,20191140,4440970,,,,
31,20188375,739069,,,,
31,20232718,594457,,,,
31,20233378,4419144,,,,
32,20214965,5098955,,,,
32,20205782,4043074,,,,
32,20189102,5025738,,,,
32,20174995,4779217,,,,
32,20161553,4606220,,,,
32,20151089,4315849,,,,
32,20140637,4321802,,,,
32,20123165,4582775,,,,
32,20149601,309479,,,,
32,20138787,5323307,,,,
32,20123410,4784897,,,,
32,20110717,4699233,,,,
32,20104390,1986304,,,,
32,20139730,1919574,,,,
32,20126943,4537962,,,,
32,20113013,4568770,,,,
32,20097409,4926695,,,,
32,20085065,4382396,,,,
32,20066935,5210323,,,,
32,20086209,1341233,,,,
32,20075033,4534638,,,,
32,20062770,4492917,,,,
32,20058526,1341861,,,,
32,20081726,356647,,,,
32,20103931,4007348,,,,
32,20107798,2958647,,,,
32,20107983,3262357,,,,
32,20100786,3992141,,,,
32,20084341,4903947,,,,
32,20076917,3964146,,,,
32,20088372,2420330,,,,
32,20071976,4800894,,,,
32,20060486,4588603,,,,
32,20046232,4601884,,,,
32,20033150,4517922,,,,
32,20016665,5172005,,,,
32,20015611,109790,,,,
32,20039515,4175948,,,,
32,20029977,4206627,,,,
32,20017714,3085214,,,,
32,20016678,103552,,,,
32,20059002,3973262,,,,
32,20044557,4788064,,,,
32,20030768,4491582,,,,
32,20016321,4868683,,,,
32,20002906,4624489,,,,
32,19989930,4654024,,,,
32,19972895,4891753,,,,
32,19964491,4154849,,,,
32,19949558,4857226,,,,
32,19937077,3568052,,,,
32,19968809,557418,,,,
32,19961145,4672152,,,,
32,19946014,4785822,,,,
32,19936885,4174994,,,,
32,19927840,2220615,,,,
32,19926891,94808,,,,
32,19973773,3958279,,,,
32,19958051,4829788,,,,
32,19948275,4160588,,,,
32,19930305,5159159,,,,
32,19913503,4951705,,,,
32,19923361,2272297,,,,
32,19907617,4831876,,,,
32,19897839,4249204,,,,
32,19877392,5311175,,,,
32,19859358,5014608,,,,
32,19846398,4681234,,,,
32,19829261,4979298,,,,
32,19824730,976207,,,,
32,19874214,769086,,,,
32,19864058,4600053,,,,
32,19846366,5033965,,,,
32,19831845,4719983,,,,
32,19815745,4881134,,,,
32,19798717,4902800,,,,
32,19784902,4725305,,,,
32,19767680,4545942,,,,
32,19766724,95541,,,,
32,19819592,2010499,,,,
32,19805756,4651872,,,,
32,19790619,4778293,,,,
32,19776877,4558921,,,,
32,19758792,5222090,,,,
32,19742166,4843688,,,,
32,19729591,4612589,,,,
32,19711968,4810356,,,,
32,19698599,4767876,,,,
32,19678932,5242357,,,,
32,19662237,5015954,,,,
32,19661983,156758,,,,
32,19686653,3992966,,,,
32,19669811,5038548,,,,
32,19660305,4087934,,,,
32,19659404,586727,,,,
32,19689452,3316656,,,,
32,19673907,4766383,,,,
32,19660359,4714362,,,,
32,19645470,4746064,,,,
32,19636635,4148910,,,,
32,19625595,4372497,,,,
32,19613388,3777921,,,,
